Plant line,Date,Time,Digital biomass,Greenness,Plant height,Hue,Leaf angle,Leaf area,Leaf area index,Projected leaf area,Leaf inclination,Light penetration depth,NDVI,NPCI,PSRI
10-01-01 AM,2019_6_8,11-43-43 AM,1738210,0.34924,211.561,105.523,56.73,8216.09,0.051,6885.17,1.19602,85.644,0.61845,0.20398,0.0721
10-01-01 AM,2019_6_9,11-43-47 AM,2240160,0.32839,225.05,106.143,51.481,9954.03,0.062,7777.9,1.2781,96.255,0.59943,0.19058,0.07255
10-01-01 AM,2019_6_10,11-43-51 AM,3297400,0.37061,247.013,104.418,58.586,13349.1,0.083,11399.2,1.17175,111.481,0.63673,0.22432,0.07416
10-01-01 AM,2019_6_11,11-43-55 AM,4186860,0.33275,275.108,106.928,56.453,15219,0.095,12678.4,1.19985,140.371,0.62245,0.17481,0.06208
10-01-01 AM,2019_6_12,11-43-58 AM,4261940,0.37419,292.934,103.121,55.414,14549.2,0.091,11959.8,1.21465,138.313,0.64337,0.252,0.07911
10-01-01 AM,2019_6_13,11-44-02 AM,5245310,0.3362,314.395,105.517,59.179,16683.8,0.104,14329.6,1.16445,139.864,0.62123,0.18294,0.06743
10-01-01 AM,2019_6_14,11-44-06 AM,6125460,0.3374,344.901,104.755,60.58,17760.1,0.111,15479.6,1.14804,151.026,0.62064,0.19072,0.07044
10-01-01 AM,2019_6_15,11-44-09 AM,6791060,0.3379,341.243,103.708,57.448,19901,0.124,16772.6,1.18636,152.08,0.61253,0.20836,0.07742
10-01-01 AM,2019_6_16,11-44-14 AM,8113610,0.35269,423.715,102.996,53.869,19148.7,0.12,15388.6,1.23811,158.109,0.61579,0.22767,0.08327
10-01-01 AM,2019_6_17,11-44-17 AM,8661860,0.38567,442.151,103.563,49.554,19590.3,0.122,14904.3,1.31401,177.343,0.62866,0.24754,0.08392
10-01-01 AM,2019_6_18,11-44-21 AM,9217900,0.38356,448.929,103.085,50.855,20533.1,0.128,15908.5,1.28939,190.469,0.61991,0.25001,0.08737
10-01-01 AM,2019_6_19,11-52-15 AM,12161200,0.38841,508.711,102.302,56.826,23905.9,0.149,19982.3,1.19471,249.363,0.61119,0.25521,0.09428
10-01-01 AM,2019_6_20,11-52-19 AM,14271600,0.40191,549.055,102.366,51.264,25993,0.162,20176.5,1.28197,291.442,0.62634,0.26683,0.09075
10-01-01 AM,2019_6_21,11-52-23 AM,14956900,0.40154,564.294,102.323,55.668,26505.6,0.166,21609.2,1.21096,242.668,0.63182,0.26085,0.08846
10-01-01 AM,2019_6_22,11-52-27 AM,18433800,0.38708,571.405,103.318,55.206,32260.4,0.202,26139.6,1.2177,309.119,0.62561,0.24176,0.08345
10-01-01 AM,2019_6_23,11-52-31 AM,21398500,0.39438,585.505,102.528,56.831,36547.1,0.228,30165.2,1.19465,230.801,0.63512,0.25234,0.08441
10-01-01 AM,2019_6_24,10-50-58 AM,16734200,0.41294,590.382,102.91,57.606,28344.8,0.177,23830.4,1.18428,204.248,0.66312,0.26384,0.07876
10-01-01 AM,2019_6_25,10-50-17 AM,20092500,0.38695,602.834,104.325,60.44,33330,0.208,28542.1,1.14963,218.844,0.65497,0.21906,0.07036
10-01-01 AM,2019_6_26,10-50-21 AM,19868500,0.37624,596.885,104.904,62.534,33287.1,0.208,29033.1,1.12702,203.291,0.65333,0.20008,0.0653
10-01-01 AM,2019_6_27,12-28-26 PM,18404000,0.38202,596.188,104.816,58.712,30869.5,0.193,26105.5,1.17017,172.345,0.66726,0.20407,0.06275
10-01-01 AM,2019_6_28,12-28-08 PM,24318500,0.39256,602.7,105.368,54.75,40349.3,0.252,32551,1.22451,205.665,0.6669,0.20947,0.0643
10-01-01 AM,2019_6_29,12-28-12 PM,24955200,0.3753,605.872,106.23,58.781,41188.9,0.257,34399.5,1.16931,211.909,0.65978,0.18647,0.05885
10-01-01 AM,2019_6_30,12-28-15 PM,25626800,0.36855,611.634,106.008,56.337,41898.9,0.262,33761.9,1.20146,192.707,0.65583,0.18505,0.05883
10-01-01 AM,2019_7_1,12-28-20 PM,27369700,0.35712,611.121,105.844,56.85,44786.1,0.28,35526.3,1.19439,229.823,0.65013,0.18803,0.0594
10-01-01 AM,2019_7_2,12-28-23 PM,21255800,0.34725,608.407,104.968,59.692,34936.7,0.218,28448.4,1.1583,355.897,0.65133,0.1961,0.05886
10-01-01 AM,2019_7_3,11-56-11 AM,23588600,0.36751,548.029,103.014,57.644,43042.6,0.269,36100.4,1.18378,222.484,0.64402,0.23372,0.07613
10-03-01 AM,2019_6_8,11-43-43 AM,1112740,0.3525,122.8,105.646,62.147,9061.36,0.057,8011.08,1.13102,17.912,0.63888,0.20932,0.06854
10-03-01 AM,2019_6_9,11-43-47 AM,1513850,0.32864,145.253,107.566,52.366,10422.2,0.065,8241.57,1.26273,29.943,0.63788,0.1841,0.05927
10-03-01 AM,2019_6_10,11-43-51 AM,1928280,0.3614,154.054,103.769,61.743,12516.9,0.078,11039.8,1.13528,40.245,0.66114,0.24119,0.07018
10-03-01 AM,2019_6_11,11-43-55 AM,2036730,0.31872,161.764,105.737,58.286,12590.7,0.079,10697.8,1.17552,44.467,0.64571,0.19377,0.06143
10-03-01 AM,2019_6_12,11-43-58 AM,2375550,0.35231,177.907,103.088,60.192,13352.8,0.083,11584.8,1.15246,53.586,0.66466,0.24361,0.07016
10-03-01 AM,2019_6_13,11-44-02 AM,2985860,0.3259,197.99,106.293,62.149,15080.9,0.094,13340.1,1.131,84.4,0.6472,0.18627,0.05976
10-03-01 AM,2019_6_14,11-44-06 AM,4149540,0.33063,223.034,104.314,60.891,18605,0.116,16247.8,1.14455,96.424,0.64612,0.20824,0.06673
10-03-01 AM,2019_6_15,11-44-09 AM,3304150,0.31292,219.243,105.923,49.358,15070.7,0.094,11456,1.31786,94.992,0.63343,0.19068,0.06302
10-03-01 AM,2019_6_16,11-44-14 AM,4668400,0.31865,273.715,104.448,47.067,17055.7,0.107,12493,1.36582,162.44,0.62856,0.21086,0.0695
10-03-01 AM,2019_6_17,11-44-17 AM,6161510,0.32734,305.313,103.843,51.065,20180.9,0.126,15687,1.28556,188.881,0.63563,0.21786,0.07081
10-03-01 AM,2019_6_18,11-44-21 AM,7268620,0.33253,338.163,104.298,44.088,21494.4,0.134,14899.5,1.43724,194.774,0.63679,0.22322,0.07235
10-03-01 AM,2019_6_19,11-52-15 AM,11275800,0.34261,357.529,102.998,60.486,31538.2,0.197,27439,1.14911,210.62,0.63582,0.22682,0.07552
10-03-01 AM,2019_6_20,11-52-19 AM,14203900,0.36019,378.776,103.135,55.891,37499.5,0.234,30996.9,1.20775,248.714,0.6477,0.24162,0.07518
10-03-01 AM,2019_6_21,11-52-23 AM,18047500,0.36254,427.908,103.902,61.802,42176.1,0.264,37117.2,1.13466,287.911,0.64294,0.2237,0.07336
10-03-01 AM,2019_6_22,11-52-27 AM,21146200,0.34548,452.282,105.602,62.394,46754.4,0.292,40831.2,1.12847,244.969,0.63521,0.19144,0.06335
10-03-01 AM,2019_6_23,11-52-31 AM,27288200,0.37751,508.468,104.029,59.297,53667.6,0.335,44980.9,1.16301,158.118,0.65668,0.22662,0.06885
10-03-01 AM,2019_6_24,10-50-58 AM,28296700,0.41376,558.889,102.628,53.851,50630.2,0.316,40542.3,1.2384,250.487,0.68122,0.28673,0.07663
10-03-01 AM,2019_6_25,10-50-17 AM,34980900,0.36378,599.085,105.15,59.699,58390.5,0.365,50258.3,1.15821,265.965,0.65729,0.19998,0.06234
10-03-01 AM,2019_6_26,10-50-21 AM,28314600,0.3627,626.704,105.768,57.73,45180.2,0.282,37894.3,1.18266,297.798,0.65819,0.18977,0.06006
10-03-01 AM,2019_6_27,12-28-26 PM,13190900,0.33971,627.223,103.996,58.183,21030.7,0.131,17770.1,1.17682,417.586,0.65934,0.20573,0.06156
10-03-01 AM,2019_6_28,12-28-08 PM,10165200,0.2876,617.376,103.453,53.21,16465.2,0.103,13116,1.24868,453.63,0.62792,0.22365,0.04706
10-03-01 AM,2019_6_29,12-28-12 PM,5119870,0.19154,470.875,106.015,62.182,10873.1,0.068,9567.4,1.13066,258.422,0.53411,0.14033,0.01791
10-03-01 AM,2019_6_30,12-28-15 PM,10367700,0.33916,537.072,103.423,46.526,19304,0.121,13956.7,1.37797,375.395,0.60831,0.23189,0.08235
10-03-01 AM,2019_7_1,12-28-20 PM,16519400,0.34917,535.28,104.604,55.421,30861.2,0.193,25173.2,1.21454,317.304,0.65179,0.22091,0.06805
10-03-01 AM,2019_7_2,12-28-23 PM,16878400,0.36734,471.403,102.84,49.006,35804.7,0.224,26851.7,1.32486,242.128,0.6383,0.26067,0.0784
10-03-01 AM,2019_7_3,11-56-11 AM,19059600,0.3677,482.011,100.127,59.62,39541.9,0.247,33667.7,1.15915,251.455,0.62043,0.28289,0.09796
10-04-01 AM,2019_6_8,11-43-43 AM,2078610,0.3592,183.415,104.911,59.539,11332.8,0.071,9766.01,1.16011,35.338,0.63312,0.21886,0.07313
10-04-01 AM,2019_6_9,11-43-47 AM,2691500,0.33707,203.659,105.958,51.566,13215.7,0.083,10245,1.27659,56.415,0.63095,0.20474,0.06707
10-04-01 AM,2019_6_10,11-43-51 AM,3125190,0.36244,208.674,104.149,60.589,14976.4,0.094,12921,1.14794,72.184,0.65699,0.22959,0.06974
10-04-01 AM,2019_6_11,11-43-55 AM,3976390,0.32693,223.644,106.341,60.766,17780,0.111,15446.5,1.14595,74.026,0.64463,0.18428,0.06017
10-04-01 AM,2019_6_12,11-43-58 AM,4507690,0.3556,242.554,104.139,60.881,18584.3,0.116,16168.4,1.14467,67.752,0.65862,0.22424,0.06884
10-04-01 AM,2019_6_13,11-44-02 AM,5796840,0.33193,255.714,106.678,64.643,22669.3,0.142,20440.9,1.10661,73.031,0.64659,0.17914,0.05915
10-04-01 AM,2019_6_14,11-44-06 AM,8356990,0.33715,315.626,105.463,59.234,26477.5,0.165,22665.8,1.16378,122.085,0.65101,0.19804,0.06236
10-04-01 AM,2019_6_15,11-44-09 AM,7800250,0.33123,342.962,105.643,47.261,22743.8,0.142,16708.4,1.36153,169.73,0.64606,0.19996,0.063
10-04-01 AM,2019_6_16,11-44-14 AM,8786060,0.34418,365.076,104.331,45.859,24066.4,0.15,17195.3,1.39345,171.855,0.64548,0.22614,0.06891
10-04-01 AM,2019_6_17,11-44-17 AM,9074670,0.33988,356.916,103.702,53.317,25425.3,0.159,20367,1.24694,155.377,0.63437,0.21916,0.07293
10-04-01 AM,2019_6_18,11-44-21 AM,12110600,0.35386,406.615,103.705,50.496,29783.9,0.186,22991.8,1.29601,199.744,0.64344,0.23187,0.07232
10-04-01 AM,2019_6_19,11-52-15 AM,15172700,0.33779,424.836,104.744,56.416,35714.2,0.223,29285.1,1.20035,256.183,0.64962,0.2062,0.06461
10-04-01 AM,2019_6_20,11-52-19 AM,18656300,0.35851,492.441,104.572,56.473,37885.4,0.237,31272.3,1.19956,304.35,0.6586,0.21657,0.06642
10-04-01 AM,2019_6_21,11-52-23 AM,12024600,0.3245,369.844,106.623,62.398,32512.5,0.203,28405.3,1.12842,222.632,0.65773,0.17252,0.05296
10-04-01 AM,2019_6_22,11-52-27 AM,17597400,0.316,425.339,107.031,60.062,41372.7,0.259,33800.3,1.15397,253.405,0.65121,0.16834,0.05373
10-04-01 AM,2019_6_23,11-52-31 AM,18205700,0.31833,393.304,107.011,63.953,46289.1,0.289,41361.4,1.11304,242.234,0.67276,0.16355,0.04709
10-04-01 AM,2019_6_24,10-50-58 AM,27495400,0.38491,492.652,103.51,50.656,55810.9,0.349,42262.6,1.29305,303.983,0.6858,0.26528,0.06831
10-04-01 AM,2019_6_25,10-50-17 AM,37015400,0.3398,599.566,106.264,62.133,61736.9,0.386,53062.4,1.13117,391.047,0.65319,0.1744,0.05632
10-04-01 AM,2019_6_26,10-50-21 AM,34355500,0.34358,614.908,105.109,60.622,55870.9,0.349,46731.8,1.14757,368.453,0.64995,0.19634,0.06254
10-04-01 AM,2019_6_27,12-28-26 PM,36976800,0.37884,612.587,103.72,57.903,60361.8,0.377,49695.1,1.18042,311.534,0.65249,0.22324,0.07181
10-04-01 AM,2019_6_28,12-28-08 PM,41182300,0.37885,607.658,102.354,51.415,67772.2,0.424,51536.9,1.27927,286.931,0.6451,0.24887,0.08061
10-04-01 AM,2019_6_29,12-28-12 PM,39148400,0.39434,625.708,103.021,56.281,62566.6,0.391,51291.5,1.20224,267.352,0.6405,0.25015,0.08365
10-04-01 AM,2019_6_30,12-28-15 PM,46318300,0.38746,619.236,103.309,50.598,74799.2,0.467,56056,1.29412,269.482,0.64535,0.24009,0.07744
10-04-01 AM,2019_7_1,12-28-20 PM,40673900,0.40233,609.878,102.663,51.48,66691.9,0.417,51355.6,1.27811,215.676,0.64121,0.26697,0.08758
10-04-01 AM,2019_7_2,12-28-23 PM,28151100,0.39741,590.265,102.436,53.138,47692.4,0.298,37416.9,1.24985,246.819,0.63983,0.28309,0.0911
10-04-01 AM,2019_7_3,11-56-11 AM,46275000,0.40119,567.959,100.424,59.566,81476,0.509,68693.2,1.15979,188.742,0.60742,0.29682,0.11191
10-05-01 AM,2019_6_8,11-43-43 AM,504405,0.3467,117.488,104.767,58.604,4293.26,0.027,3665.48,1.17152,45.054,0.61672,0.21526,0.07738
10-05-01 AM,2019_6_9,11-43-47 AM,769628,0.33389,136.281,107.611,51.479,5647.35,0.035,4421.83,1.27814,60.964,0.62838,0.18063,0.06279
10-05-01 AM,2019_6_10,11-43-51 AM,1009020,0.36776,136.856,102.676,66.965,7372.84,0.046,6768.21,1.08663,11.815,0.63657,0.24914,0.08089
10-05-01 AM,2019_6_11,11-43-55 AM,1279270,0.33606,149.776,104.862,62.463,8541.24,0.053,7581.59,1.12776,28.645,0.62819,0.20341,0.06914
10-05-01 AM,2019_6_12,11-43-58 AM,1507500,0.36086,165.311,102.706,62.814,9119.18,0.057,8110.76,1.12419,31.153,0.65422,0.249,0.07438
10-05-01 AM,2019_6_13,11-44-02 AM,1635810,0.32586,165.892,106.198,64.666,9860.65,0.062,8897.45,1.1064,57.091,0.64137,0.18869,0.06132
10-05-01 AM,2019_6_14,11-44-06 AM,1924480,0.33136,196.084,104.135,62.859,9814.58,0.061,8718.74,1.12374,73.995,0.64041,0.21252,0.06946
10-05-01 AM,2019_6_15,11-44-09 AM,1964510,0.32479,222.693,105.279,48.134,8821.58,0.055,6550.37,1.34278,86.32,0.62862,0.20564,0.07056
10-05-01 AM,2019_6_16,11-44-14 AM,2267720,0.31568,235.308,106.128,46.53,9637.23,0.06,6978.69,1.37787,90.744,0.63354,0.18935,0.06183
10-05-01 AM,2019_6_17,11-44-17 AM,2790160,0.31293,243.509,105.94,48.628,11458.2,0.072,8596.33,1.33253,136.896,0.62132,0.19311,0.06661
10-05-01 AM,2019_6_18,11-44-21 AM,3852100,0.32614,271.416,105.447,46.116,14192.6,0.089,10245.9,1.38743,141.818,0.62948,0.21368,0.06927
10-05-01 AM,2019_6_19,11-52-15 AM,5199150,0.34285,289.064,104.513,54.485,17986.2,0.112,14647.7,1.22853,161.701,0.63671,0.2203,0.07013
10-05-01 AM,2019_6_20,11-52-19 AM,6984250,0.35368,310.896,103.738,54.104,22464.9,0.14,18122.5,1.23443,174.414,0.64101,0.23763,0.07289
10-05-01 AM,2019_6_21,11-52-23 AM,12435000,0.34281,377.995,104.183,62.083,32897.3,0.206,28727.6,1.13169,228.105,0.6291,0.20556,0.07142
10-05-01 AM,2019_6_22,11-52-27 AM,14633500,0.35442,383.69,104.817,56.617,38138.9,0.238,31410.5,1.19758,157.119,0.63498,0.21912,0.07191
10-05-01 AM,2019_6_23,11-52-31 AM,18488300,0.37305,403.762,104.235,59.478,45790,0.286,39184.9,1.16084,146.768,0.64402,0.22886,0.07238
10-05-01 AM,2019_6_24,10-50-58 AM,26152700,0.36336,456.22,103.05,63.032,57324.8,0.358,50333.5,1.122,134.099,0.63849,0.22958,0.07395
10-05-01 AM,2019_6_25,10-50-17 AM,24524200,0.3634,498.616,105.326,61.876,49184.5,0.307,42530.6,1.13387,166.507,0.63465,0.20141,0.06824
10-05-01 AM,2019_6_26,10-50-21 AM,35455500,0.37679,555.929,104.506,60.287,63777,0.399,55338.3,1.15137,176.847,0.63407,0.2128,0.07324
10-05-01 AM,2019_6_27,12-28-26 PM,41364800,0.37108,614.949,104.774,65.134,67265.4,0.42,60718.8,1.10217,187.45,0.64168,0.19048,0.06659
10-05-01 AM,2019_6_28,12-28-08 PM,38681500,0.36521,587.38,104.596,60.946,65854.3,0.412,57073.4,1.14394,157.845,0.65684,0.19094,0.06228
10-05-01 AM,2019_6_29,12-28-12 PM,30979000,0.34927,597.756,105.355,66.354,51825.4,0.324,47280.1,1.09165,147.807,0.6556,0.17159,0.05682
10-05-01 AM,2019_6_30,12-28-15 PM,32923400,0.35851,608.554,105.595,62.543,54100.9,0.338,47960.4,1.12693,172.884,0.6709,0.1831,0.05488
10-05-01 AM,2019_7_1,12-28-20 PM,19519600,0.34185,607.225,107.472,65.644,32145.5,0.201,29273.2,1.09769,68.173,0.66489,0.15108,0.04811
10-05-01 AM,2019_7_2,12-28-23 PM,25520700,0.3494,598.795,103.766,63.426,42620.1,0.266,37554,1.11811,143.332,0.6608,0.19706,0.0609
10-05-01 AM,2019_7_3,11-56-11 AM,27882100,0.32361,608.513,103.134,65.827,45820.1,0.286,41323.1,1.09611,136.461,0.64873,0.18633,0.05909
10-06-01 AM,2019_6_8,11-43-43 AM,490926,0.35584,127.097,106.601,60.011,3862.6,0.024,3347.03,1.15456,15.452,0.65215,0.20761,0.06433
10-06-01 AM,2019_6_9,11-43-47 AM,729708,0.33889,130.743,107.795,59.419,5581.25,0.035,4806.63,1.16155,65.377,0.64475,0.18871,0.06245
10-06-01 AM,2019_6_10,11-43-51 AM,1039510,0.38028,142.977,103.637,64.511,7270.5,0.045,6563.56,1.10782,16.297,0.65864,0.25283,0.07594
10-06-01 AM,2019_6_11,11-43-55 AM,1342800,0.34083,153.183,106.004,63.174,8766.02,0.055,7829.36,1.12059,24.611,0.64471,0.19661,0.06442
10-06-01 AM,2019_6_12,11-43-58 AM,1612610,0.36693,168.56,104.05,64.415,9566.97,0.06,8638.69,1.1087,28.776,0.65866,0.23524,0.07078
10-06-01 AM,2019_6_13,11-44-02 AM,1941130,0.33522,185.206,107.348,62.538,10480.9,0.066,9300.53,1.12699,42.806,0.65511,0.18015,0.05701
10-06-01 AM,2019_6_14,11-44-06 AM,2507340,0.33289,213.111,105.246,64.271,11765.4,0.074,10587.5,1.11005,76.141,0.65054,0.19899,0.06361
10-06-01 AM,2019_6_15,11-44-09 AM,2478610,0.32673,217.623,106.673,53.987,11389.5,0.071,9205.06,1.23626,112.286,0.64222,0.1869,0.06333
10-06-01 AM,2019_6_16,11-44-14 AM,3441740,0.3362,248.86,105.998,50.695,13830,0.086,10682.8,1.29233,125.1,0.64389,0.20371,0.06464
10-06-01 AM,2019_6_17,11-44-17 AM,4078250,0.33251,258.072,106.451,52.891,15802.8,0.099,12601.2,1.25392,128.992,0.63923,0.19649,0.06468
10-06-01 AM,2019_6_18,11-44-21 AM,4957500,0.33515,273.615,105.608,55.906,18118.6,0.113,14978.8,1.20754,133.374,0.63386,0.2051,0.07051
10-06-01 AM,2019_6_19,11-52-15 AM,6918640,0.34076,314.753,105.541,59.489,21981.2,0.137,18892.3,1.16072,187.968,0.63675,0.20017,0.06922
10-06-01 AM,2019_6_20,11-52-19 AM,8395560,0.35529,343.748,104.697,60.334,24423.6,0.153,21170.3,1.15084,207.906,0.64585,0.21526,0.06934
10-06-01 AM,2019_6_21,11-52-23 AM,10710200,0.34688,370.237,105.178,65.231,28928.1,0.181,26285.5,1.10131,195.054,0.63045,0.19672,0.0696
10-06-01 AM,2019_6_22,11-52-27 AM,13669600,0.34222,386.704,105.597,64.504,35349,0.221,31703.8,1.10789,219.659,0.62574,0.19147,0.06736
10-06-01 AM,2019_6_23,11-52-31 AM,19650400,0.36668,469.543,104.429,62.979,41850.1,0.262,37105.7,1.12253,232.968,0.63747,0.21668,0.07251
10-06-01 AM,2019_6_24,10-50-58 AM,20537600,0.39104,442.46,102.76,58.451,46416.9,0.29,39366.1,1.17343,194.861,0.6534,0.26152,0.08096
10-06-01 AM,2019_6_25,10-50-17 AM,29118800,0.35204,504.508,104.967,62.901,57717.2,0.361,50519.6,1.12331,274.102,0.63001,0.19697,0.06992
10-06-01 AM,2019_6_26,10-50-21 AM,38312500,0.36434,565.25,104.201,62.305,67779.7,0.424,59621.4,1.12938,274.84,0.62988,0.20854,0.07343
10-06-01 AM,2019_6_27,12-28-26 PM,41504000,0.36777,586.766,104.886,64.926,70733.5,0.442,62523,1.10404,255.861,0.6465,0.19975,0.06614
10-06-01 AM,2019_6_28,12-28-08 PM,40261800,0.37535,610.555,105.649,62.834,65942.9,0.412,58285.2,1.12398,229.232,0.66311,0.19312,0.06028
10-06-01 AM,2019_6_29,12-28-12 PM,35532100,0.36152,607.202,105.523,63.037,58517.8,0.366,51364.8,1.12195,134.541,0.65218,0.18233,0.05963
10-06-01 AM,2019_6_30,12-28-15 PM,24735100,0.37073,612.049,105.59,59.536,40413.6,0.253,34644.5,1.16015,223.931,0.66854,0.19469,0.05965
10-06-01 AM,2019_7_1,12-28-20 PM,21051700,0.38213,618.505,104.437,61.118,34036.5,0.213,29320.7,1.14205,223.995,0.66728,0.21947,0.0667
10-06-01 AM,2019_7_2,12-28-23 PM,23608800,0.37916,623.458,105.317,62.95,37867.5,0.237,33223.8,1.12282,178.341,0.6742,0.19888,0.0599
10-06-01 AM,2019_7_3,11-56-11 AM,28634300,0.36659,621.367,103.658,67.004,46082.8,0.288,42020.8,1.08633,145.758,0.64471,0.20001,0.07056
10-07-01 AM,2019_6_8,11-43-43 AM,1431340,0.3601,165.457,105.043,60.294,8650.81,0.054,7515.79,1.1513,27.138,0.6392,0.22005,0.07421
10-07-01 AM,2019_6_9,11-43-47 AM,1931760,0.33288,185.447,106.439,50.384,10416.8,0.065,8038.25,1.29811,29.794,0.63042,0.19572,0.06935
10-07-01 AM,2019_6_10,11-43-51 AM,2368870,0.36997,193.586,104.057,67.329,12236.8,0.076,11285.2,1.08373,26.911,0.65755,0.22802,0.07155
10-07-01 AM,2019_6_11,11-43-55 AM,2831380,0.33435,207.592,106.962,60.652,13639.2,0.085,11890.9,1.14723,30.334,0.65334,0.1815,0.05826
10-07-01 AM,2019_6_12,11-43-58 AM,3109600,0.36198,216.059,104.742,61.363,14392.4,0.09,12639.6,1.13937,43.105,0.67565,0.22851,0.06421
10-07-01 AM,2019_6_13,11-44-02 AM,3552710,0.33407,232.53,106.841,63.812,15278.5,0.095,13702.9,1.11438,64.352,0.65436,0.18085,0.05793
10-07-01 AM,2019_6_14,11-44-06 AM,4731930,0.34189,262.93,105.145,65.344,17996.9,0.112,16344.3,1.10031,82.761,0.65457,0.20117,0.06451
10-07-01 AM,2019_6_15,11-44-09 AM,4968690,0.31786,275.543,106.832,46.608,18032.3,0.113,13108.6,1.37612,122.788,0.63739,0.18579,0.05976
10-07-01 AM,2019_6_16,11-44-14 AM,5404110,0.32295,268.04,105.734,51.343,20161.6,0.126,15713.1,1.28055,100.267,0.63923,0.19351,0.06412
10-07-01 AM,2019_6_17,11-44-17 AM,6445110,0.32608,306.407,105.217,50.356,21034.5,0.131,16194.1,1.29865,150.633,0.63796,0.20142,0.06683
10-07-01 AM,2019_6_18,11-44-21 AM,7758440,0.3406,347.14,105.509,46.192,22349.6,0.14,16051,1.38565,171.5,0.65032,0.2128,0.06762
10-07-01 AM,2019_6_19,11-52-15 AM,9473040,0.34556,351.037,104.326,55.046,26985.9,0.169,22063.6,1.22007,178.956,0.643,0.21637,0.07167
10-07-01 AM,2019_6_20,11-52-19 AM,11950300,0.36658,400.911,103.578,55.194,29807.8,0.186,24320.7,1.21788,217.661,0.65473,0.2332,0.07315
10-07-01 AM,2019_6_21,11-52-23 AM,15343100,0.34834,410.597,105.034,59.41,37367.8,0.234,31875.7,1.16165,206.905,0.64539,0.20443,0.06623
10-07-01 AM,2019_6_22,11-52-27 AM,19951900,0.35392,462.104,105.475,60.423,43176.1,0.27,36865.7,1.14982,229.191,0.6439,0.19872,0.06558
10-07-01 AM,2019_6_23,11-52-31 AM,26098700,0.37495,488.426,103.98,60.722,53434.3,0.334,45533.8,1.14644,200.294,0.64848,0.22494,0.07281
10-07-01 AM,2019_6_24,10-50-58 AM,27528400,0.42241,481.422,102.437,49.652,57181.4,0.357,42316.3,1.3121,224.78,0.67825,0.30945,0.08218
10-07-01 AM,2019_6_25,10-50-17 AM,37886700,0.35773,545.004,105.139,62.489,69516.4,0.434,59511.3,1.12748,223.635,0.6435,0.19462,0.06547
10-07-01 AM,2019_6_26,10-50-21 AM,38722500,0.34637,538.386,104.4,63.68,71923.3,0.45,63101.3,1.11566,263.448,0.64387,0.19754,0.06473
10-07-01 AM,2019_6_27,12-28-26 PM,37459800,0.36525,565.344,103.799,62.002,66260.2,0.414,57553.8,1.13254,231.674,0.65262,0.21101,0.06758
10-07-01 AM,2019_6_28,12-28-08 PM,37186100,0.38708,600.998,103.325,56.694,61873.8,0.387,50970.6,1.19651,250.463,0.65195,0.23625,0.07409
10-07-01 AM,2019_6_29,12-28-12 PM,33420100,0.37015,606.028,104.876,60.621,55146.2,0.345,47214.7,1.14758,191.828,0.65777,0.20264,0.06475
10-07-01 AM,2019_6_30,12-28-15 PM,22005800,0.3592,614.537,105.32,55.504,35808.8,0.224,29057,1.21333,209.61,0.65139,0.2045,0.0552
10-07-01 AM,2019_7_1,12-28-20 PM,18187900,0.37717,607.424,104.364,52.08,29942.6,0.187,23167.3,1.26762,176.094,0.6551,0.24037,0.07379
10-07-01 AM,2019_7_2,12-28-23 PM,22499100,0.38488,552.097,102.167,58.208,40752.1,0.255,33820.5,1.1765,116.661,0.62382,0.25931,0.08817
10-07-01 AM,2019_7_3,11-56-11 AM,19351000,0.37056,583.151,99.8421,54.435,33183.5,0.207,26509.8,1.2293,152.628,0.59367,0.2914,0.09975
10-09-01 AM,2019_6_8,11-43-43 AM,1495510,0.34979,149.165,105.091,64.693,10025.9,0.063,9067.13,1.10615,15.68,0.63204,0.20865,0.07238
10-09-01 AM,2019_6_9,11-43-47 AM,2179690,0.33968,169.896,106.714,53.357,12829.6,0.08,10299,1.24628,26.173,0.63492,0.19342,0.06564
10-09-01 AM,2019_6_10,11-43-51 AM,2569520,0.36655,178.272,103.969,64.027,14413.5,0.09,12954.3,1.11234,22.684,0.65268,0.22959,0.07149
10-09-01 AM,2019_6_11,11-43-55 AM,3090250,0.32973,198.353,106.066,64.603,15579.5,0.097,14073.9,1.10697,31.551,0.64769,0.18553,0.06044
10-09-01 AM,2019_6_12,11-43-58 AM,3290100,0.35841,205.86,104.378,61.038,15982.2,0.1,13979.3,1.14293,39.686,0.6707,0.23215,0.06571
10-09-01 AM,2019_6_13,11-44-02 AM,3674240,0.32758,224.417,106.705,63.61,16372.4,0.102,14654.8,1.11633,60.927,0.64555,0.17852,0.05981
10-09-01 AM,2019_6_14,11-44-06 AM,4192100,0.33888,256,105.023,65.225,16375.4,0.102,14871.3,1.10136,38.997,0.64644,0.19516,0.06508
10-09-01 AM,2019_6_15,11-44-09 AM,4907040,0.33549,280.282,104.138,55.633,17507.5,0.109,14451.7,1.21146,62.103,0.63337,0.21248,0.07415
10-09-01 AM,2019_6_16,11-44-14 AM,5611840,0.33172,284.722,104.374,52.716,19709.9,0.123,15692.3,1.25683,106.617,0.6359,0.21037,0.06965
10-09-01 AM,2019_6_17,11-44-17 AM,7371570,0.33304,327.743,104.233,51.693,22491.9,0.141,17588.2,1.27436,123.389,0.64152,0.21507,0.06943
10-09-01 AM,2019_6_18,11-44-21 AM,8902350,0.33619,349.906,104.212,50.969,25442.1,0.159,19655.5,1.2873,149.657,0.63951,0.2219,0.07319
10-09-01 AM,2019_6_19,11-52-15 AM,12605900,0.34345,364.9,103.566,60.623,34546.1,0.216,30022.5,1.14756,175.609,0.62237,0.2175,0.0793
10-09-01 AM,2019_6_20,11-52-19 AM,14692900,0.37044,390.62,103.352,59.256,37614.4,0.235,32266.9,1.16351,218.626,0.64193,0.23429,0.07666
10-09-01 AM,2019_6_21,11-52-23 AM,15035100,0.35019,404.174,104.053,60.359,37199.5,0.232,32175.1,1.15055,207.882,0.63115,0.2117,0.07241
10-09-01 AM,2019_6_22,11-52-27 AM,18344100,0.3554,457.157,105.035,63.355,40126.6,0.251,35832.3,1.11881,215.079,0.63075,0.19551,0.06846
10-09-01 AM,2019_6_23,11-52-31 AM,21797700,0.36689,495.046,104.431,63.921,44031.6,0.275,39295.7,1.11335,131.965,0.62759,0.20384,0.07363
10-09-01 AM,2019_6_24,10-50-58 AM,22275300,0.41017,489.615,102.334,50.404,45495.5,0.284,34703.4,1.29773,194.915,0.66616,0.28911,0.08185
10-09-01 AM,2019_6_25,10-50-17 AM,34747600,0.36483,545.776,104.892,61.469,63666.4,0.398,55510.6,1.13822,182.527,0.62866,0.19566,0.06968
10-09-01 AM,2019_6_26,10-50-21 AM,41075500,0.36103,598.033,103.55,62.91,68684.4,0.429,59902.7,1.12322,223.089,0.6219,0.20731,0.07593
10-09-01 AM,2019_6_27,12-28-26 PM,47793400,0.36357,608.505,103.965,61.716,78542.4,0.491,67335,1.13557,247.888,0.6405,0.20084,0.06906
10-09-01 AM,2019_6_28,12-28-08 PM,42728500,0.36925,563.94,103.427,59.222,75767.9,0.474,64684,1.16392,223.065,0.64985,0.21953,0.07095
10-09-01 AM,2019_6_29,12-28-12 PM,43975600,0.35926,602.169,105.689,61.249,73028.7,0.456,62389,1.14061,227.77,0.64977,0.18616,0.06016
10-09-01 AM,2019_6_30,12-28-15 PM,34676800,0.36878,580.54,103.671,57.781,59732,0.373,50201.5,1.182,200.032,0.65175,0.21557,0.06867
10-09-01 AM,2019_7_1,12-28-20 PM,42528000,0.36616,593.181,103.932,60.931,71694.8,0.448,62126.8,1.14411,215.323,0.65624,0.21399,0.06648
10-09-01 AM,2019_7_2,12-28-23 PM,36472200,0.36747,590.93,103.685,56.164,61719.9,0.386,50943.2,1.20389,181.058,0.65028,0.21798,0.06915
10-09-01 AM,2019_7_3,11-56-11 AM,41158900,0.38191,601.122,101.566,57.427,68470.2,0.428,56722.8,1.18665,196.042,0.63523,0.2526,0.08693
10-10-01 AM,2019_6_8,11-43-43 AM,1497090,0.3559,172.837,106.74,58.207,8661.85,0.054,7360.8,1.17652,49.059,0.64323,0.1986,0.06277
10-10-01 AM,2019_6_9,11-43-47 AM,1838010,0.3277,188.06,109.435,52.259,9773.51,0.061,7736.58,1.26455,77.262,0.64396,0.16492,0.05124
10-10-01 AM,2019_6_10,11-43-51 AM,1990340,0.3673,196.431,105.165,59.951,10132.5,0.063,8763.19,1.15526,29.695,0.67058,0.21856,0.06229
10-10-01 AM,2019_6_11,11-43-55 AM,2575350,0.32503,208.847,107.925,60.771,12331.2,0.077,10764.5,1.1459,33.32,0.65335,0.16416,0.05075
10-10-01 AM,2019_6_12,11-43-58 AM,3098340,0.35528,224.413,105.695,57.73,13806.4,0.086,11661.6,1.18266,63.961,0.66295,0.20522,0.06101
10-10-01 AM,2019_6_13,11-44-02 AM,3649940,0.32923,239.378,108.903,60.878,15247.6,0.095,13296.6,1.14469,47.613,0.65804,0.15902,0.04889
10-10-01 AM,2019_6_14,11-44-06 AM,5351170,0.33494,292.559,106.622,61.442,18290.9,0.114,16088,1.13851,97.744,0.65732,0.18377,0.05772
10-10-01 AM,2019_6_15,11-44-09 AM,5553630,0.31628,301.939,107.188,46.454,18393.2,0.115,13323.3,1.37961,151.143,0.64354,0.17522,0.05789
10-10-01 AM,2019_6_16,11-44-14 AM,5375860,0.31344,300.044,106.649,46.867,17916.9,0.112,13043.6,1.37027,111.683,0.63782,0.17819,0.05907
10-10-01 AM,2019_6_17,11-44-17 AM,5941360,0.31531,308.999,105.804,46.58,19227.8,0.12,13895.2,1.37675,135.406,0.63645,0.18989,0.06335
10-10-01 AM,2019_6_18,11-44-21 AM,7791780,0.31458,363.011,106.144,47.263,21464.3,0.134,15612.6,1.36149,187.707,0.6307,0.18535,0.0643
10-10-01 AM,2019_6_19,11-52-15 AM,11764700,0.32303,372.796,105.966,50.909,31558.1,0.197,24363.2,1.28839,288.495,0.63787,0.18668,0.06189
10-10-01 AM,2019_6_20,11-52-19 AM,17032000,0.35062,431.671,105.428,58.477,39456,0.247,32977.1,1.1731,347.537,0.65758,0.20047,0.06105
10-10-01 AM,2019_6_21,11-52-23 AM,20663000,0.33222,470.035,106.75,60.964,43960.5,0.275,37440.7,1.14375,357.549,0.64391,0.17765,0.06095
10-10-01 AM,2019_6_22,11-52-27 AM,25129500,0.33451,490.275,106.81,63.082,51255.9,0.32,44745.1,1.1215,320.808,0.64308,0.16895,0.05637
10-10-01 AM,2019_6_23,11-52-31 AM,31597400,0.3502,547.914,106.083,64.137,57668.5,0.36,50689,1.1113,352.696,0.65537,0.17956,0.05777
10-10-01 AM,2019_6_24,10-50-58 AM,32606200,0.36413,551.909,104.464,60.281,59079,0.369,49277.8,1.15145,284.211,0.65967,0.20948,0.06384
10-10-01 AM,2019_6_25,10-50-17 AM,36359200,0.34778,568.364,106.338,57.797,63971.7,0.4,52713.5,1.1818,378.212,0.64816,0.18116,0.05812
10-10-01 AM,2019_6_26,10-50-21 AM,42437000,0.35735,585.461,105.964,58.581,72484.9,0.453,58952.3,1.1718,394.69,0.65398,0.19042,0.05969
10-10-01 AM,2019_6_27,12-28-26 PM,36070200,0.35472,502.651,105.184,59.131,71759.9,0.448,60997.2,1.16503,363.801,0.66441,0.20002,0.06026
10-10-01 AM,2019_6_28,12-28-08 PM,40672000,0.36665,475.606,104.486,54.128,85516.2,0.534,68514.7,1.23405,252.934,0.66295,0.21354,0.06457
10-10-01 AM,2019_6_29,12-28-12 PM,42635200,0.35031,480.484,105.874,56.075,88733.9,0.555,72517.4,1.20515,201.889,0.65535,0.18801,0.05915
10-10-01 AM,2019_6_30,12-28-15 PM,40446500,0.36479,479.016,104.181,51.545,84436.5,0.528,65528.7,1.27696,176.535,0.65979,0.21349,0.06587
10-10-01 AM,2019_7_1,12-28-20 PM,38939900,0.37216,493.384,103.85,51.78,78924.1,0.493,61166.7,1.27283,172.689,0.65703,0.22234,0.06948
10-10-01 AM,2019_7_2,12-28-23 PM,30376000,0.35229,481.578,103.818,44.087,63075.9,0.394,43501,1.43727,157.615,0.64109,0.2136,0.06991
10-10-01 AM,2019_7_3,11-56-11 AM,35656900,0.38439,507.386,103.086,55.987,70275.8,0.439,56802.2,1.20639,136.845,0.65417,0.23428,0.07453
10-12-01 AM,2019_6_8,11-43-43 AM,1248840,0.34796,162.244,107.704,58.562,7697.29,0.048,6576.35,1.17205,44.959,0.65029,0.1853,0.05784
10-12-01 AM,2019_6_9,11-43-47 AM,1758390,0.32584,189.819,109.053,52.694,9263.52,0.058,7348.28,1.2572,71.137,0.64672,0.16892,0.05365
10-12-01 AM,2019_6_10,11-43-51 AM,2041660,0.34871,180.021,105.64,59.688,11341.2,0.071,9785.58,1.15835,33.313,0.66745,0.21267,0.06158
10-12-01 AM,2019_6_11,11-43-55 AM,2301360,0.32808,187.345,108.617,58.235,12284,0.077,10454.3,1.17617,31.669,0.6679,0.17773,0.05023
10-12-01 AM,2019_6_12,11-43-58 AM,2745220,0.34045,186.129,105.723,63.467,14749,0.092,13204.2,1.11772,26.337,0.66275,0.20278,0.06145
10-12-01 AM,2019_6_13,11-44-02 AM,3576800,0.33162,209.165,109.023,63.487,17100.3,0.107,15299.8,1.11752,38.605,0.66385,0.16751,0.05178
10-12-01 AM,2019_6_14,11-44-06 AM,4425420,0.33674,220.503,106.379,64.029,20069.7,0.125,18034.9,1.11232,41.742,0.65328,0.19047,0.06054
10-12-01 AM,2019_6_15,11-44-09 AM,4680160,0.3309,244.712,107.381,40.093,19125.2,0.12,12334.8,1.55268,68.616,0.64809,0.19321,0.05862
10-12-01 AM,2019_6_16,11-44-14 AM,5134150,0.33211,244.36,107.459,43.786,21010.6,0.131,14546.7,1.44512,78.748,0.65123,0.18951,0.05703
10-12-01 AM,2019_6_17,11-44-17 AM,5884620,0.33182,251.415,108.412,46.692,23406,0.146,17015,1.3742,88.343,0.66143,0.18019,0.052
10-12-01 AM,2019_6_18,11-44-21 AM,7099210,0.33732,266.807,107.778,48.956,26608.1,0.166,20091.4,1.32587,109.865,0.66205,0.1903,0.05557
10-12-01 AM,2019_6_19,11-52-15 AM,10416700,0.34017,301.142,106.817,57.579,34590.5,0.216,29228.2,1.18464,155.414,0.65871,0.19608,0.05859
10-12-01 AM,2019_6_20,11-52-19 AM,12854900,0.3492,331.238,105.268,59.996,38808.7,0.243,33599.6,1.15474,192.31,0.65367,0.20942,0.06446
10-12-01 AM,2019_6_21,11-52-23 AM,12472500,0.34393,353.63,106.188,60.514,35269.8,0.22,30653.5,1.14879,226.47,0.64188,0.19896,0.06484
10-12-01 AM,2019_6_22,11-52-27 AM,17265600,0.35086,383.774,105.393,62.656,44988.9,0.281,39947.9,1.12578,203.552,0.63125,0.20397,0.06996
10-12-01 AM,2019_6_23,11-52-31 AM,23019200,0.35954,409.1,105.319,63.119,56268,0.352,49825.4,1.12114,226.113,0.63357,0.19901,0.06782
10-12-01 AM,2019_6_24,10-50-58 AM,23568300,0.38679,438.914,104.356,58.323,53696.9,0.336,45250.8,1.17505,281.499,0.64355,0.24176,0.07683
10-12-01 AM,2019_6_25,10-50-17 AM,32222600,0.36796,474.457,105.46,61.927,67914.8,0.424,58769.6,1.13333,240.529,0.63553,0.2025,0.06873
10-12-01 AM,2019_6_26,10-50-21 AM,30963800,0.37366,486.171,104.61,61.018,63689.1,0.398,54921.1,1.14315,124.623,0.6299,0.21099,0.0735
10-12-01 AM,2019_6_27,12-28-26 PM,43316300,0.37946,548.487,104.462,58.552,78974.1,0.494,65753.5,1.17216,296.274,0.65003,0.22068,0.07054
10-12-01 AM,2019_6_28,12-28-08 PM,44281000,0.39761,596.782,103.844,57.217,74199.7,0.464,61177,1.18944,234.514,0.65517,0.24347,0.07536
10-12-01 AM,2019_6_29,12-28-12 PM,54101300,0.37657,618.326,103.451,61.831,87496.4,0.547,75803.8,1.13434,200.084,0.63285,0.22722,0.07835
10-12-01 AM,2019_6_30,12-28-15 PM,38452600,0.3944,619.825,102.115,51.808,62037.7,0.388,48074.2,1.27234,284.47,0.62353,0.27119,0.09296
10-12-01 AM,2019_7_1,12-28-20 PM,37391400,0.40413,595.143,101.984,52.307,62827.6,0.393,49415.1,1.26373,225.914,0.64777,0.27807,0.08875
10-12-01 AM,2019_7_2,12-28-23 PM,38926300,0.38954,618.072,102.469,49.344,62980.2,0.394,47178,1.31814,272.705,0.63715,0.2572,0.08514
10-12-01 AM,2019_7_3,11-56-11 AM,48541000,0.40115,626.281,102.675,59.486,77506.8,0.484,64763.6,1.16075,208.959,0.6369,0.2541,0.08668
10-13-01 AM,2019_6_8,11-43-43 AM,1533260,0.35246,176.062,105.103,63.441,8708.6,0.054,7791.66,1.11797,27.967,0.64564,0.21254,0.06718
10-13-01 AM,2019_6_9,11-43-47 AM,2015080,0.33602,186.612,106.793,63.852,10798.2,0.067,9634.45,1.114,37.625,0.6453,0.19194,0.06121
10-13-01 AM,2019_6_10,11-43-51 AM,2406840,0.3772,191.3,102.683,62.657,12581.5,0.079,11065.2,1.12578,24.425,0.66498,0.25917,0.07557
10-13-01 AM,2019_6_11,11-43-55 AM,3053520,0.3321,203.924,104.64,61.572,14973.8,0.094,13151.7,1.13711,55.172,0.64445,0.20674,0.06633
10-13-01 AM,2019_6_12,11-43-58 AM,3790700,0.37199,215.932,102.813,60.692,17555.1,0.11,15310.1,1.14678,33.709,0.66047,0.25787,0.07467
10-13-01 AM,2019_6_13,11-44-02 AM,4704350,0.33809,235.8,105.545,63.387,19950.6,0.125,17832.2,1.1185,62.306,0.64771,0.19912,0.06402
10-13-01 AM,2019_6_14,11-44-06 AM,5530910,0.33384,249.903,105.415,66.111,22132.2,0.138,20240.3,1.09369,69.139,0.64596,0.19287,0.06345
10-13-01 AM,2019_6_15,11-44-09 AM,6098880,0.3354,253.448,106.483,59.509,24063.6,0.15,20646,1.16048,109.591,0.63909,0.19489,0.06471
10-13-01 AM,2019_6_16,11-44-14 AM,8360020,0.33279,299.078,107.091,60.307,27952.6,0.175,24192.6,1.15115,152.32,0.63565,0.18428,0.06245
10-13-01 AM,2019_6_17,11-44-17 AM,10130400,0.33164,305.802,107.584,58.011,33127.3,0.207,28044.8,1.17902,171.206,0.64217,0.1862,0.05884
10-13-01 AM,2019_6_18,11-44-21 AM,12612600,0.3319,353.074,108.183,60.179,35722.2,0.223,30962.3,1.15261,228.177,0.64446,0.17185,0.05563
10-13-01 AM,2019_6_19,11-52-15 AM,16533600,0.34057,374.955,108.208,58.129,44094.8,0.276,37355.3,1.17751,260.627,0.64843,0.17581,0.05594
10-13-01 AM,2019_6_20,11-52-19 AM,21527300,0.35791,412.973,107.499,56.953,52127.6,0.326,43666.3,1.19299,287.233,0.66116,0.18957,0.056
10-13-01 AM,2019_6_21,11-52-23 AM,26010900,0.34089,454.66,108.501,57.872,57209.6,0.358,48183.9,1.18082,279.668,0.6478,0.17076,0.05294
10-13-01 AM,2019_6_22,11-52-27 AM,31023800,0.34333,481.878,107.539,62.242,64381,0.402,56694,1.13003,256.269,0.64208,0.16872,0.05498
10-13-01 AM,2019_6_23,11-52-31 AM,37789900,0.34691,537.106,106.346,65.425,70358.3,0.44,63164.8,1.0996,298.577,0.64352,0.17253,0.05773
10-13-01 AM,2019_6_24,10-50-58 AM,19636100,0.35524,293.435,102.706,53.216,66918.1,0.418,52540.6,1.24858,177.142,0.63293,0.25373,0.07759
10-13-01 AM,2019_6_25,10-50-17 AM,30903000,0.33874,370.251,106.55,61.505,83464.9,0.522,71454,1.13783,178.998,0.65566,0.1854,0.05739
10-13-01 AM,2019_6_26,10-50-21 AM,38488000,0.35046,407.758,105.506,61.613,94389.3,0.59,81445.2,1.13667,164.731,0.65306,0.19733,0.06206
10-13-01 AM,2019_6_27,12-28-26 PM,43789000,0.3614,451.782,104.719,63.88,96925,0.606,84865.7,1.11373,157.328,0.66102,0.20407,0.06333
10-13-01 AM,2019_6_28,12-28-08 PM,43024700,0.38107,493.217,105.258,50.429,87232.9,0.545,64204.5,1.29727,177.354,0.67446,0.21673,0.06142
10-13-01 AM,2019_6_29,12-28-12 PM,48063200,0.37429,533.552,105.25,61.502,90081.6,0.563,76643.2,1.13787,195.707,0.65745,0.20141,0.06485
10-13-01 AM,2019_6_30,12-28-15 PM,51553900,0.39091,542.776,104.854,53.85,94981.9,0.594,73711.2,1.2384,188.195,0.66401,0.22269,0.06862
10-13-01 AM,2019_7_1,12-28-20 PM,48008000,0.41412,568.335,105.174,49.376,84471.3,0.528,62822.5,1.3175,206.893,0.68222,0.23543,0.06718
10-13-01 AM,2019_7_2,12-28-23 PM,40551000,0.38777,539.592,105.938,48.848,75151.2,0.47,54668,1.32805,224.964,0.66591,0.2104,0.06414
10-13-01 AM,2019_7_3,11-56-11 AM,50571200,0.40018,596.642,106.386,59.491,84759.7,0.53,70093.5,1.16069,227.934,0.6723,0.2047,0.0621
10-14-01 AM,2019_6_8,11-43-43 AM,914340,0.33751,140.751,106.82,63.814,6496.14,0.041,5788.49,1.11437,34.146,0.62657,0.1826,0.06465
10-14-01 AM,2019_6_9,11-43-47 AM,1234300,0.3199,167.856,109.343,54.788,7353.36,0.046,6011.76,1.22394,59.731,0.63293,0.15829,0.05437
10-14-01 AM,2019_6_10,11-43-51 AM,1314550,0.34795,162.339,103.879,64.51,8097.55,0.051,7301.6,1.10783,22.933,0.65421,0.22186,0.06794
10-14-01 AM,2019_6_11,11-43-55 AM,1551650,0.31414,172.609,106.502,60.574,8989.39,0.056,7832.13,1.14811,17.478,0.6399,0.18331,0.0609
10-14-01 AM,2019_6_12,11-43-58 AM,1810290,0.34332,175.518,102.183,61.431,10314,0.064,9035.82,1.13863,27.89,0.64793,0.24609,0.07592
10-14-01 AM,2019_6_13,11-44-02 AM,2312250,0.32331,202.124,105.567,65.268,11439.8,0.071,10387.3,1.10098,44.473,0.63835,0.19564,0.0654
10-14-01 AM,2019_6_14,11-44-06 AM,2932980,0.33158,217.683,104.384,65.369,13473.6,0.084,12244.7,1.10009,50.44,0.63658,0.20324,0.06928
10-14-01 AM,2019_6_15,11-44-09 AM,3782800,0.3304,239.22,106.196,48.233,15813.1,0.099,11783.5,1.3407,87.866,0.64088,0.20072,0.067
10-14-01 AM,2019_6_16,11-44-14 AM,4855190,0.33043,261.77,106.243,50.512,18547.5,0.116,14300,1.29572,105.988,0.64241,0.19533,0.06456
10-14-01 AM,2019_6_17,11-44-17 AM,5426600,0.32645,262.23,106.405,50.92,20694,0.129,16021,1.28819,108.474,0.64292,0.19161,0.06889
10-14-01 AM,2019_6_18,11-44-21 AM,7306680,0.32766,279.946,106.105,51.178,26100.3,0.163,20332,1.28352,124.895,0.64105,0.19588,0.06482
10-14-01 AM,2019_6_19,11-52-15 AM,10283700,0.33444,304.52,106.36,57.319,33770.1,0.211,28401.7,1.18808,172.601,0.65044,0.19409,0.06238
10-14-01 AM,2019_6_20,11-52-19 AM,12370900,0.34012,324.318,104.847,61.932,38144.3,0.238,33625.5,1.13328,173.803,0.64693,0.19972,0.06507
10-14-01 AM,2019_6_21,11-52-23 AM,12955200,0.33494,353.038,106.563,60.144,36696.3,0.229,31777.1,1.15302,200.668,0.64374,0.18696,0.06117
10-14-01 AM,2019_6_22,11-52-27 AM,18959000,0.33604,391.717,106.149,62.306,48399.8,0.302,42176.5,1.12937,193.476,0.63656,0.18074,0.062
10-14-01 AM,2019_6_23,11-52-31 AM,22706300,0.35346,417.307,104.558,67.13,54411.5,0.34,49051.2,1.08531,117.975,0.63079,0.19482,0.06767
10-14-01 AM,2019_6_24,10-50-58 AM,26805300,0.39812,463.554,103.417,53.858,57825.6,0.361,46497.4,1.23828,239.427,0.64981,0.26504,0.08042
10-14-01 AM,2019_6_25,10-50-17 AM,29186600,0.35994,494.733,105.428,64.254,58994.7,0.369,52476,1.11021,202.726,0.63184,0.19116,0.06719
10-14-01 AM,2019_6_26,10-50-21 AM,42061500,0.36868,560.672,104.96,60.718,75019.7,0.469,65007.2,1.14649,247.371,0.63259,0.20232,0.07028
10-14-01 AM,2019_6_27,12-28-26 PM,49349900,0.36727,604.645,104.655,63.084,81618.1,0.51,72293.5,1.12148,230.208,0.64434,0.19716,0.06646
10-14-01 AM,2019_6_28,12-28-08 PM,43104800,0.38011,610.692,104.984,61.737,70583.6,0.441,61522.9,1.13534,178.429,0.66043,0.20047,0.06352
10-14-01 AM,2019_6_29,12-28-12 PM,38583100,0.34898,615.145,106.596,64.669,62722,0.392,56126.8,1.10637,200.304,0.6603,0.17498,0.04993
10-14-01 AM,2019_6_30,12-28-15 PM,19730000,0.3802,621.081,108.057,60.852,31767.2,0.199,27543.2,1.14499,154.569,0.67829,0.17321,0.04991
10-14-01 AM,2019_7_1,12-28-20 PM,24730000,0.37371,613.883,105.822,65.521,40284.6,0.252,36494.6,1.09875,134.447,0.66642,0.20216,0.06108
10-14-01 AM,2019_7_2,12-28-23 PM,23653800,0.37936,606.102,104.57,56.297,39026.1,0.244,31901.5,1.20202,168.63,0.66629,0.23353,0.06801
10-14-01 AM,2019_7_3,11-56-11 AM,21682100,0.38481,609.204,105.215,55.347,35590.9,0.222,28580.1,1.21563,235.041,0.6647,0.22645,0.06748
10-15-01 AM,2019_6_8,11-43-43 AM,1945740,0.3536,187.871,106.633,62.403,10356.8,0.065,9168.37,1.12837,22.81,0.64635,0.19457,0.06191
10-15-01 AM,2019_6_9,11-43-47 AM,2991760,0.34626,225.214,106.671,54.533,13284.1,0.083,10816.3,1.2278,55.306,0.6414,0.20359,0.06698
10-15-01 AM,2019_6_10,11-43-51 AM,3356100,0.37779,232.632,104.11,63.204,14426.6,0.09,12873.8,1.1203,70.013,0.65547,0.23595,0.07224
10-15-01 AM,2019_6_11,11-43-55 AM,4064080,0.34151,248.465,106.566,63.884,16356.8,0.102,14680.9,1.1137,84.851,0.64602,0.18575,0.06032
10-15-01 AM,2019_6_12,11-43-58 AM,5228270,0.3615,269.281,104.109,65.045,19415.7,0.121,17601.5,1.10297,86.412,0.65515,0.22095,0.06961
10-15-01 AM,2019_6_13,11-44-02 AM,6311820,0.33957,281.221,106.067,64.2,22444.3,0.14,20209.1,1.11071,86.603,0.64172,0.18726,0.06388
10-15-01 AM,2019_6_14,11-44-06 AM,7589810,0.34104,318.54,104.818,63.411,23826.9,0.149,21324.8,1.11826,88.521,0.64695,0.19794,0.06559
10-15-01 AM,2019_6_15,11-44-09 AM,8392160,0.33161,337.689,106.549,50.673,24851.7,0.155,19193.5,1.29273,141.191,0.6461,0.18671,0.06105
10-15-01 AM,2019_6_16,11-44-14 AM,8112290,0.33882,339.407,105.5,51.576,23901.4,0.149,18527.6,1.27641,105.798,0.65016,0.20096,0.06526
10-15-01 AM,2019_6_17,11-44-17 AM,10941900,0.33581,387.494,105.605,51.882,28237.7,0.176,22178.7,1.27105,185.545,0.64377,0.20018,0.06578
10-15-01 AM,2019_6_18,11-44-21 AM,13412400,0.34205,416.894,106.306,51.799,32172.2,0.201,25199.1,1.2725,186.191,0.64964,0.19545,0.06213
10-15-01 AM,2019_6_19,11-52-15 AM,19764600,0.35049,458.56,105.193,56.694,43101.4,0.269,35646.7,1.19652,224.759,0.64024,0.2061,0.07014
10-15-01 AM,2019_6_20,11-52-19 AM,21287800,0.36207,485.525,104.935,61.609,43845,0.274,37991.6,1.13671,239.364,0.64749,0.20128,0.06685
10-15-01 AM,2019_6_21,11-52-23 AM,27578200,0.3545,531.297,105.758,58.307,51907.4,0.324,43139.5,1.17525,305.199,0.64219,0.2031,0.06946
10-15-01 AM,2019_6_22,11-52-27 AM,31125800,0.34651,564.715,107.556,63.98,55117.7,0.344,48487.4,1.11279,316.125,0.64096,0.1629,0.05547
10-15-01 AM,2019_6_23,11-52-31 AM,37291000,0.36391,592.051,106.587,63.494,62986.1,0.394,55390.2,1.11745,334.876,0.65246,0.17883,0.05797
10-15-01 AM,2019_6_24,10-50-58 AM,36195700,0.39451,605.769,106.072,56.92,59751.6,0.373,49609.9,1.19343,342.901,0.67944,0.21319,0.05969
10-15-01 AM,2019_6_25,10-50-17 AM,31299800,0.36303,580.48,108.253,59.404,53920.6,0.337,46145,1.16173,315.331,0.66754,0.1694,0.05207
10-15-01 AM,2019_6_26,10-50-21 AM,20344400,0.33658,588.496,109.88,62.015,34570.2,0.216,30399.5,1.1324,317.159,0.67081,0.1456,0.04058
10-15-01 AM,2019_6_27,12-28-26 PM,21387200,0.34517,603.41,104.824,63.638,35443.9,0.222,31381.6,1.11605,273.303,0.64305,0.18452,0.06234
10-15-01 AM,2019_6_28,12-28-08 PM,21662400,0.36991,597.54,103.454,51.265,36252.7,0.227,28045.3,1.28196,256.966,0.67267,0.22989,0.06556
10-15-01 AM,2019_6_29,12-28-12 PM,14755100,0.2941,613.304,103.412,65.443,24058.4,0.15,21690.4,1.09944,137.709,0.62311,0.17148,0.05282
10-15-01 AM,2019_6_30,12-28-15 PM,20653300,0.37017,608.778,104.687,52.176,33925.9,0.212,26454.6,1.26596,184.111,0.67215,0.21215,0.06153
10-15-01 AM,2019_7_1,12-28-20 PM,19766600,0.33476,623.509,106.764,55.611,31702.2,0.198,25802.2,1.21179,128.338,0.65771,0.16667,0.04587
10-15-01 AM,2019_7_2,12-28-23 PM,28549600,0.37918,616.013,104.115,52.179,46345.8,0.29,36484.1,1.26592,88.665,0.67631,0.20856,0.06336
10-15-01 AM,2019_7_3,11-56-11 AM,31196000,0.35407,624.003,105.168,61.13,49993.4,0.312,43785.1,1.14192,74.52,0.66449,0.17242,0.05786
10-16-01 AM,2019_6_8,11-43-43 AM,904837,0.3378,144.969,106.28,66.386,6241.58,0.039,5714.36,1.09138,8.563,0.61693,0.17969,0.06577
10-16-01 AM,2019_6_9,11-43-47 AM,1091690,0.32973,163.464,108.456,56.37,6678.5,0.042,5569.94,1.20099,17.28,0.63182,0.17048,0.05787
10-16-01 AM,2019_6_10,11-43-51 AM,1558880,0.36281,169.235,104.072,65.058,9211.34,0.058,8349.88,1.10285,31.031,0.64429,0.22844,0.07504
10-16-01 AM,2019_6_11,11-43-55 AM,1942890,0.32977,184.775,106.471,66.895,10514.9,0.066,9680.35,1.08721,35.635,0.63399,0.18266,0.0631
10-16-01 AM,2019_6_12,11-43-58 AM,2261370,0.35231,196.775,103.839,69.13,11492.1,0.072,10745.9,1.07021,26.823,0.63839,0.21775,0.07281
10-16-01 AM,2019_6_13,11-44-02 AM,3047830,0.33005,215.332,106.174,66.691,14154.1,0.088,12999.3,1.08886,46.108,0.62518,0.18286,0.06643
10-16-01 AM,2019_6_14,11-44-06 AM,3569430,0.33686,237.108,105.455,63.741,15054,0.094,13494.7,1.11506,63.168,0.63188,0.19249,0.06726
10-16-01 AM,2019_6_15,11-44-09 AM,4025250,0.33259,250.437,106.949,48.995,16072.9,0.1,12121.4,1.3251,80.419,0.63368,0.18802,0.06958
10-16-01 AM,2019_6_16,11-44-14 AM,4628310,0.33682,253.196,107.017,48.191,18279.6,0.114,13625.8,1.34158,84.079,0.6394,0.18812,0.06197
10-16-01 AM,2019_6_17,11-44-17 AM,5346280,0.33559,258.512,107.093,49.838,20681,0.129,15790.2,1.3085,79.71,0.63669,0.19083,0.0655
10-16-01 AM,2019_6_18,11-44-21 AM,6694650,0.34389,293.939,106.931,49.863,22775.6,0.142,17416.7,1.30801,74.847,0.64068,0.19763,0.06577
10-16-01 AM,2019_6_19,11-52-15 AM,9527240,0.34339,320.206,106.424,56.956,29753.5,0.186,24908.4,1.19295,115.025,0.64854,0.19467,0.06218
10-16-01 AM,2019_6_20,11-52-19 AM,10769000,0.34444,330.882,104.887,62.653,32546.3,0.203,28876.2,1.12582,132.221,0.64212,0.19506,0.06496
10-16-01 AM,2019_6_21,11-52-23 AM,14123100,0.33759,347.281,106.186,59.794,40667.5,0.254,34849,1.1571,162.768,0.63752,0.19072,0.06438
10-16-01 AM,2019_6_22,11-52-27 AM,22267500,0.34756,401.622,106.582,61.86,55443.9,0.347,48834.9,1.13404,211.065,0.64482,0.19107,0.06224
10-16-01 AM,2019_6_23,11-52-31 AM,25801200,0.35327,423.799,105.331,64.505,60880.9,0.381,54873.9,1.10787,212.597,0.63865,0.19307,0.06608
10-16-01 AM,2019_6_24,10-50-58 AM,31308700,0.39262,458.758,103.379,53.69,68246.7,0.427,54121,1.24094,274.426,0.6689,0.27136,0.07523
10-16-01 AM,2019_6_25,10-50-17 AM,35774300,0.35119,502.402,105.211,61.823,71206.4,0.445,62243.9,1.13443,214.996,0.62867,0.18943,0.06667
10-16-01 AM,2019_6_26,10-50-21 AM,43127100,0.35833,548.418,104.72,62.882,78639.2,0.491,68708.6,1.1235,226.229,0.62726,0.19476,0.06946
10-16-01 AM,2019_6_27,12-28-26 PM,45478700,0.36975,609.154,105.422,61.29,74658.8,0.467,65027,1.14016,126.724,0.65322,0.18549,0.06087
10-16-01 AM,2019_6_28,12-28-08 PM,40963300,0.37937,601.555,106.263,55.588,68095.7,0.426,53921.7,1.21211,254.42,0.67698,0.19651,0.0551
10-16-01 AM,2019_6_29,12-28-12 PM,18717900,0.32549,602.448,107.633,63.062,31069.6,0.194,27622.4,1.1217,167.753,0.65468,0.14708,0.0444
10-16-01 AM,2019_6_30,12-28-15 PM,49679500,0.36199,549.689,105.267,57.993,90377.4,0.565,75750.6,1.17926,214.601,0.66233,0.19477,0.05989
10-16-01 AM,2019_7_1,12-28-20 PM,46764300,0.36747,549.987,104.681,59.484,85028,0.531,70720.7,1.16078,212.246,0.65516,0.20449,0.06512
10-16-01 AM,2019_7_2,12-28-23 PM,49101000,0.38275,566.62,103.734,54.76,86656.1,0.542,69648.2,1.22436,171.414,0.65669,0.2276,0.0717
10-16-01 AM,2019_7_3,11-56-11 AM,53106900,0.37944,563.418,102.723,59.866,94258.3,0.589,80031.6,1.15626,84.948,0.64387,0.23296,0.07895
10-18-01 AM,2019_6_8,11-43-43 AM,2157090,0.35245,179.59,103.379,64.331,12011.1,0.075,10824.2,1.10948,19.451,0.62301,0.21937,0.07808
10-18-01 AM,2019_6_9,11-43-47 AM,2883580,0.3326,202.794,105.828,53.426,14219.2,0.089,11417,1.24517,33.988,0.62981,0.19169,0.06617
10-18-01 AM,2019_6_10,11-43-51 AM,3170160,0.36046,200.574,103.331,61.006,15805.4,0.099,13832.2,1.14328,39.835,0.657,0.23248,0.07035
10-18-01 AM,2019_6_11,11-43-55 AM,3795950,0.32048,215.122,106.509,59.941,17645.5,0.11,15270.9,1.15538,38.192,0.6491,0.17573,0.05707
10-18-01 AM,2019_6_12,11-43-58 AM,4505510,0.34025,223.68,104.617,63.761,20142.7,0.126,18058.2,1.11487,45.185,0.65754,0.20195,0.06244
10-18-01 AM,2019_6_13,11-44-02 AM,5926990,0.32814,248.743,106.741,63.328,23827.8,0.149,21257.7,1.11908,88.483,0.6505,0.1781,0.05644
10-18-01 AM,2019_6_14,11-44-06 AM,7125640,0.33616,258.224,104.728,61.748,27594.8,0.172,24288.9,1.13523,75.124,0.64924,0.20397,0.06541
10-18-01 AM,2019_6_15,11-44-09 AM,7807050,0.32939,271.445,106.262,51.961,28761.1,0.18,22638.8,1.26967,122.524,0.64513,0.19358,0.06365
10-18-01 AM,2019_6_16,11-44-14 AM,8805530,0.33809,288.221,106.23,50.817,30551.4,0.191,23675.5,1.29008,124.576,0.6477,0.19851,0.06434
10-18-01 AM,2019_6_17,11-44-17 AM,11409900,0.33765,318.824,105.871,51.389,35787.6,0.224,27950.5,1.27973,157.859,0.64669,0.20629,0.06639
10-18-01 AM,2019_6_18,11-44-21 AM,12419200,0.34803,348.471,106.85,49.213,35639.2,0.223,26939.4,1.32072,173.881,0.66096,0.20542,0.05976
10-18-01 AM,2019_6_19,11-52-15 AM,15024300,0.35473,368.654,104.48,54.853,40754.5,0.255,33196.9,1.22296,212.117,0.6488,0.2231,0.07139
10-18-01 AM,2019_6_20,11-52-19 AM,15958200,0.36013,374.06,104.828,57.458,42662.1,0.267,35437.3,1.18623,207.163,0.64993,0.21245,0.06653
10-18-01 AM,2019_6_21,11-52-23 AM,20872900,0.35118,417.454,105.25,53.353,50000.5,0.313,39622.1,1.24635,191.552,0.64422,0.21342,0.07025
10-18-01 AM,2019_6_22,11-52-27 AM,27312600,0.3531,451.003,104.985,57.775,60559.7,0.378,50785.1,1.18208,202.445,0.63772,0.20435,0.07006
10-18-01 AM,2019_6_23,11-52-31 AM,33882100,0.36435,478.142,105.122,59.579,70862.1,0.443,59992,1.15964,215.038,0.65004,0.20148,0.06479
10-18-01 AM,2019_6_24,10-50-58 AM,33470400,0.39038,467.134,103.095,49.32,71650.4,0.448,53284.2,1.3186,242.197,0.67659,0.27161,0.07229
10-18-01 AM,2019_6_25,10-50-17 AM,45074300,0.36062,516.08,105.58,60.468,87339.9,0.546,73974.1,1.14931,228.219,0.65133,0.19564,0.06351
10-18-01 AM,2019_6_26,10-50-21 AM,51987300,0.35568,570.746,105.944,56.851,91086.5,0.569,74960.6,1.19436,276.018,0.6599,0.18905,0.0577
10-18-01 AM,2019_6_27,12-28-26 PM,58818400,0.3577,610.105,105.717,57.61,96407,0.603,78112.8,1.18422,279.467,0.66942,0.1912,0.05473
10-18-01 AM,2019_6_28,12-28-08 PM,32381700,0.35454,585.739,104.979,41.365,55283.5,0.346,35894.1,1.51315,309.697,0.65357,0.21055,0.0638
10-18-01 AM,2019_6_29,12-28-12 PM,46106800,0.35037,618.649,107.164,60.88,74528.1,0.466,64288.8,1.14467,264.19,0.6667,0.16641,0.05195
10-18-01 AM,2019_6_30,12-28-15 PM,42680700,0.36011,601.446,106.833,43.145,70963.4,0.444,46950.9,1.46228,323.227,0.66841,0.19636,0.05611
10-18-01 AM,2019_7_1,12-28-20 PM,39314200,0.36914,600.124,106.736,53.043,65510.2,0.409,51392.9,1.25141,293.172,0.68129,0.20584,0.05545
10-18-01 AM,2019_7_2,12-28-23 PM,41186600,0.37176,614.303,106.029,45.38,67046,0.419,46167.4,1.4049,290.464,0.68506,0.20741,0.05665
10-18-01 AM,2019_7_3,11-56-11 AM,31037800,0.37623,622.142,106.377,55.018,49888.6,0.312,39359.9,1.22049,203.401,0.67372,0.20606,0.06131
10-21-01 AM,2019_6_8,11-43-43 AM,1132620,0.38503,148.192,104.01,59.677,7642.91,0.048,6598.32,1.15847,25.717,0.63586,0.25259,0.08357
10-21-01 AM,2019_6_9,11-43-47 AM,1649250,0.35673,162.373,106.868,57.283,10157.1,0.063,8545.39,1.18855,25.649,0.6376,0.20557,0.07128
10-21-01 AM,2019_6_10,11-43-51 AM,2162570,0.39713,167.497,102.99,59.974,12911.1,0.081,11171.4,1.155,28.576,0.66452,0.27585,0.07925
10-21-01 AM,2019_6_11,11-43-55 AM,2666280,0.33808,182.787,105.992,62.444,14586.8,0.091,12929,1.12795,35.927,0.64575,0.19643,0.06385
10-21-01 AM,2019_6_12,11-43-58 AM,3098790,0.362,189.435,104.319,62.547,16358.1,0.102,14511.5,1.12689,48.32,0.66168,0.22958,0.06751
10-21-01 AM,2019_6_13,11-44-02 AM,4012380,0.33441,207.453,107.733,63.174,19341.2,0.121,17243.3,1.12059,59.358,0.65542,0.17876,0.05511
10-21-01 AM,2019_6_14,11-44-06 AM,4958440,0.34592,223.517,105.899,65.017,22183.7,0.139,20121.5,1.10322,64.332,0.65499,0.19978,0.06269
10-21-01 AM,2019_6_15,11-44-09 AM,5869660,0.34285,236.144,106.796,56.483,24856.3,0.155,20727.5,1.19942,81.781,0.65329,0.1967,0.06018
10-21-01 AM,2019_6_16,11-44-14 AM,6785460,0.34362,251.444,106.353,57.661,26986,0.169,22803,1.18356,93.043,0.65198,0.19896,0.06202
10-21-01 AM,2019_6_17,11-44-17 AM,7689830,0.34154,256.344,107.951,57.132,29998.1,0.187,25192.5,1.19057,102.763,0.65771,0.18772,0.05671
10-21-01 AM,2019_6_18,11-44-21 AM,8837650,0.3394,274.837,107.983,58.489,32156,0.201,27414,1.17295,130.472,0.65624,0.18262,0.05615
10-21-01 AM,2019_6_19,11-52-15 AM,10164400,0.34214,286.199,107.639,57.039,35515.1,0.222,29795.9,1.19183,143.744,0.65169,0.18736,0.05802
10-21-01 AM,2019_6_20,11-52-19 AM,13221500,0.35429,320.885,105.46,58.514,41203.1,0.258,35124.7,1.17265,146.816,0.65054,0.20476,0.06497
10-21-01 AM,2019_6_21,11-52-23 AM,16202700,0.33808,338.353,107.335,59.741,47887,0.299,41353.7,1.15772,150.322,0.6426,0.18385,0.06166
10-21-01 AM,2019_6_22,11-52-27 AM,21333600,0.34513,389.919,106.193,63.113,54713,0.342,48748.2,1.12119,196.944,0.63439,0.18871,0.0651
10-21-01 AM,2019_6_23,11-52-31 AM,24968700,0.35265,402.59,105.719,63.906,62020.2,0.388,55406.6,1.11349,198.925,0.63462,0.19166,0.0647
10-21-01 AM,2019_6_24,10-50-58 AM,27590800,0.3843,422.033,103.214,59.754,65375.8,0.409,56362.9,1.15757,163.024,0.64199,0.24905,0.08015
10-21-01 AM,2019_6_25,10-50-17 AM,34602900,0.37085,469.375,105.289,60.002,73721.3,0.461,63606.9,1.15467,177.295,0.64092,0.21008,0.07019
10-21-01 AM,2019_6_26,10-50-21 AM,44149300,0.36926,501.812,104.223,60.102,87979.8,0.55,75669.4,1.15351,180.676,0.63228,0.219,0.07564
10-21-01 AM,2019_6_27,12-28-26 PM,50004900,0.37892,554.282,104.416,60.614,90215.7,0.564,78156.9,1.14766,254.542,0.64596,0.21896,0.07194
10-21-01 AM,2019_6_28,12-28-08 PM,48882600,0.39945,599.644,104.028,52.818,81519.4,0.509,63658.9,1.25513,314.958,0.66126,0.24853,0.07338
10-21-01 AM,2019_6_29,12-28-12 PM,54765600,0.37015,611.765,104.276,59.069,89520.6,0.56,75407.5,1.16578,323.112,0.6404,0.21969,0.07274
10-21-01 AM,2019_6_30,12-28-15 PM,46168800,0.39193,603.963,103.31,41.846,76443,0.478,49658.7,1.49891,334.836,0.64228,0.26732,0.08447
10-21-01 AM,2019_7_1,12-28-20 PM,44998800,0.41138,619.378,102.839,47.341,72651.6,0.454,53029.2,1.35977,305.783,0.65833,0.27488,0.08336
10-21-01 AM,2019_7_2,12-28-23 PM,43912200,0.40415,619.45,102.701,43.933,70888.9,0.443,48449.8,1.44128,315.163,0.65201,0.27455,0.08344
10-21-01 AM,2019_7_3,11-56-11 AM,47858500,0.39547,624.723,103.739,53.488,76607.5,0.479,61250.4,1.24418,296.438,0.65173,0.23954,0.07718
11-01-01 AM,2019_6_8,11-50-56 AM,391055,0.32405,96.988,106.599,60.985,4031.98,0.025,3514.92,1.14351,59.154,0.6078,0.1798,0.06694
11-01-01 AM,2019_6_9,11-51-00 AM,543363,0.32646,113.175,104.373,53.163,4801.09,0.03,3834.18,1.24945,19.123,0.60412,0.19959,0.07376
11-01-01 AM,2019_6_10,11-51-03 AM,754528,0.37513,123.226,101.344,56.59,6123.14,0.038,5102.85,1.19795,25.558,0.6313,0.28302,0.09079
11-01-01 AM,2019_6_11,11-51-07 AM,978554,0.34349,142.911,102.414,55.706,6847.29,0.043,5643.57,1.2104,44.981,0.6178,0.2425,0.08275
11-01-01 AM,2019_6_12,11-51-11 AM,1106870,0.37103,151.176,100.733,57.23,7321.78,0.046,6164.33,1.18925,55.052,0.63301,0.29231,0.09237
11-01-01 AM,2019_6_13,11-51-15 AM,1252440,0.32027,164.048,105.381,54.807,7634.6,0.048,6251.93,1.22365,62.879,0.60895,0.19999,0.07188
11-01-01 AM,2019_6_14,11-51-19 AM,1820760,0.31992,185.987,104.699,58.403,9789.69,0.061,8336.19,1.17404,72.847,0.6125,0.20109,0.07206
11-01-01 AM,2019_6_15,11-51-23 AM,1740180,0.32084,189.446,103.738,53.9,9185.6,0.057,7418.15,1.23762,67.209,0.60827,0.20876,0.0756
11-01-01 AM,2019_6_16,11-51-27 AM,2098220,0.31646,200.575,103.376,50.755,10461,0.065,8113.7,1.29122,79.743,0.60192,0.20939,0.07747
11-01-01 AM,2019_6_17,11-51-30 AM,2686170,0.33654,247.792,103.066,54.097,10840.4,0.068,8794.41,1.23453,82.282,0.60584,0.22303,0.08315
11-01-01 AM,2019_6_18,11-51-34 AM,3643960,0.34533,262.423,103.685,58.566,13885.8,0.087,11846.7,1.17199,80.264,0.61476,0.21232,0.07841
11-01-01 AM,2019_6_19,11-59-28 AM,5530320,0.3451,304.199,103.085,58.516,18179.9,0.114,15481.4,1.17262,118.471,0.60964,0.22057,0.0833
11-01-01 AM,2019_6_20,11-59-32 AM,7619730,0.35931,309.501,103.936,59.064,24619.4,0.154,21099.2,1.16584,127.585,0.63009,0.21507,0.07427
11-01-01 AM,2019_6_21,11-59-36 AM,9894900,0.34217,339.499,104.93,58.883,29145.6,0.182,24958.5,1.16806,147.418,0.62409,0.19804,0.07025
11-01-01 AM,2019_6_22,11-59-40 AM,12786600,0.34815,368.435,105.665,60.512,34705,0.217,29975.5,1.14881,123.971,0.62601,0.19037,0.06766
11-01-01 AM,2019_6_23,11-59-43 AM,16181700,0.35697,393.482,105.013,61.812,41124.3,0.257,35895.4,1.13454,149.121,0.63888,0.19812,0.06656
11-01-01 AM,2019_6_24,10-58-11 AM,21830400,0.38749,492.154,103.456,57.747,44356.8,0.277,37371.2,1.18244,225.965,0.64522,0.24444,0.079
11-01-01 AM,2019_6_25,10-57-30 AM,21491100,0.34955,487.694,105.613,59.954,44066.8,0.275,37538.8,1.15523,223.434,0.63453,0.18956,0.06494
11-01-01 AM,2019_6_26,10-57-34 AM,33686000,0.36302,562.548,104.558,58.307,59881.1,0.374,50482.2,1.17524,290.477,0.63243,0.20854,0.07172
11-01-01 AM,2019_6_27,10-57-38 AM,31218100,0.35826,572.301,106.094,57.571,54548.4,0.341,45661.6,1.18474,299.61,0.64542,0.18961,0.06087
11-01-01 AM,2019_6_28,12-35-21 PM,34461700,0.34932,592.004,106.143,53.379,58211.9,0.364,45624.8,1.24594,347.361,0.64591,0.18803,0.05971
11-01-01 AM,2019_6_29,12-35-25 PM,35575500,0.34573,616.796,105.982,56.949,57678,0.36,46240.9,1.19304,395.301,0.64341,0.18857,0.06061
11-01-01 AM,2019_6_30,12-35-29 PM,45631000,0.34486,600.568,105.602,56.84,75979.8,0.475,60802.2,1.19451,356.564,0.65291,0.19291,0.05959
11-01-01 AM,2019_7_1,12-35-32 PM,51211200,0.3691,587.957,104.342,61.173,87100.1,0.544,73489.4,1.14143,326.591,0.65915,0.21174,0.06562
11-01-01 AM,2019_7_2,12-35-36 PM,50722900,0.37256,578.939,102.793,59.317,87613.6,0.548,72775.6,1.16277,309.196,0.65752,0.23682,0.07271
11-01-01 AM,2019_7_3,12-03-24 PM,52775200,0.36597,597.874,102.623,59.865,88271.4,0.552,73821.4,1.15627,270.843,0.6472,0.22558,0.07452
11-02-01 AM,2019_6_8,11-50-56 AM,217432,0.33048,63.481,105.212,65.192,3425.18,0.021,3118.56,1.10166,7.309,0.60941,0.19682,0.07276
11-02-01 AM,2019_6_9,11-51-00 AM,274625,0.33585,91.382,106.951,49.276,3005.24,0.019,2279.08,1.31947,16.643,0.63511,0.19283,0.06012
11-02-01 AM,2019_6_10,11-51-03 AM,429294,0.3785,92.935,101.814,56.27,4619.27,0.029,3837.56,1.20239,26.833,0.65618,0.29584,0.08386
11-02-01 AM,2019_6_11,11-51-07 AM,579470,0.36478,105.425,102.753,58.892,5496.53,0.034,4717.4,1.16795,42.491,0.64737,0.26881,0.08038
11-02-01 AM,2019_6_12,11-51-11 AM,770287,0.38845,118.316,101.845,57.33,6510.42,0.041,5491.42,1.18793,49.241,0.66006,0.30729,0.08474
11-02-01 AM,2019_6_13,11-51-15 AM,1026030,0.33776,134.99,105.95,58.871,7600.76,0.048,6506.13,1.16821,58.405,0.63586,0.20605,0.0675
11-02-01 AM,2019_6_14,11-51-19 AM,1346620,0.33886,140.857,104.773,60.659,9560.18,0.06,8347.92,1.14715,55.351,0.625,0.21425,0.07402
11-02-01 AM,2019_6_15,11-51-23 AM,881957,0.31549,153.484,104.909,38.842,5746.24,0.036,3600.13,1.5944,68.064,0.60813,0.21295,0.0725
11-02-01 AM,2019_6_16,11-51-27 AM,996407,0.30854,181.5,105.636,34.97,5489.84,0.034,3167.6,1.74468,93.841,0.59866,0.20212,0.07578
11-02-01 AM,2019_6_17,11-51-30 AM,1133240,0.30914,171.058,104.659,36.731,6624.87,0.041,3966.94,1.67202,85.315,0.60332,0.21313,0.07594
11-02-01 AM,2019_6_18,11-51-34 AM,2429550,0.33891,195.361,103.89,41.513,12436.2,0.078,8242.85,1.50872,99.79,0.62767,0.23488,0.07388
11-02-01 AM,2019_6_19,11-59-28 AM,2862200,0.33293,229.201,104.096,44.751,12487.7,0.078,8797.81,1.42037,159.587,0.62746,0.23058,0.07286
11-02-01 AM,2019_6_20,11-59-32 AM,4153710,0.35059,240.962,102.434,61.254,17238.1,0.108,14875.1,1.14055,189.846,0.63715,0.24432,0.07779
11-02-01 AM,2019_6_21,11-59-36 AM,5581720,0.34892,299.661,104.093,52.663,18626.8,0.116,14576.2,1.25771,236.221,0.64058,0.23863,0.07332
11-02-01 AM,2019_6_22,11-59-40 AM,7305870,0.3444,328.076,104.084,57.72,22268.8,0.139,18174.9,1.18279,228.262,0.6337,0.22712,0.07056
11-02-01 AM,2019_6_23,11-59-43 AM,9481070,0.35448,360.523,102.967,62.943,26298.1,0.164,22535.7,1.12289,222.307,0.6279,0.2302,0.07649
11-02-01 AM,2019_6_24,10-58-11 AM,12630000,0.39991,406.666,103.177,59.816,31057.4,0.194,26391.9,1.15684,192.282,0.65389,0.27189,0.07892
11-02-01 AM,2019_6_25,10-57-30 AM,15711700,0.3549,428.35,104.877,61.658,36679.7,0.229,31412.5,1.13619,201.687,0.63152,0.2042,0.06947
11-02-01 AM,2019_6_26,10-57-34 AM,21432400,0.35053,536.125,103.633,61.635,39976.6,0.25,33800.6,1.13643,289.614,0.62631,0.21384,0.07285
11-02-01 AM,2019_6_27,10-57-38 AM,24428700,0.35451,567.252,104.002,62.101,43065.1,0.269,36954.3,1.1315,321.37,0.63284,0.20515,0.07068
11-02-01 AM,2019_6_28,12-35-21 PM,23833500,0.36325,585.666,104.565,56.416,40694.7,0.254,32090.1,1.20036,388.214,0.64725,0.21745,0.06757
11-02-01 AM,2019_6_29,12-35-25 PM,16935000,0.36761,605.393,105.16,57.258,27973.5,0.175,21590.8,1.18888,407.134,0.64724,0.21362,0.06674
11-02-01 AM,2019_6_30,12-35-29 PM,25245200,0.35361,590.076,103.384,53.752,42782.9,0.267,33864.1,1.23996,386.576,0.6372,0.23478,0.074
11-02-01 AM,2019_7_1,12-35-32 PM,30933800,0.35826,606.399,101.911,62.705,51012.2,0.319,44194,1.12528,404.662,0.63471,0.23934,0.07816
11-02-01 AM,2019_7_2,12-35-36 PM,41085900,0.39625,608.755,101.79,57.887,67491.6,0.422,55099.4,1.18063,337.309,0.65542,0.27588,0.0823
11-02-01 AM,2019_7_3,12-03-24 PM,40453600,0.3951,599.776,101.327,57.132,67447.8,0.422,54643.9,1.19057,307.823,0.64777,0.28081,0.0875
11-03-01 AM,2019_6_8,11-50-56 AM,1657060,0.35339,162.491,104.309,62.13,10197.9,0.064,9010.27,1.1312,62.556,0.63173,0.22134,0.07627
11-03-01 AM,2019_6_9,11-51-00 AM,2143940,0.33827,183.59,106.311,51.81,11677.9,0.073,9182.69,1.2723,96.749,0.63227,0.19603,0.06438
11-03-01 AM,2019_6_10,11-51-03 AM,3008890,0.3804,197.827,104.065,60.576,15209.7,0.095,13249.2,1.14808,79.539,0.65885,0.24391,0.07196
11-03-01 AM,2019_6_11,11-51-07 AM,3637870,0.34965,228.198,105.111,59.489,15941.7,0.1,13735.9,1.16071,95.262,0.66025,0.21116,0.06247
11-03-01 AM,2019_6_12,11-51-11 AM,3553290,0.36824,239.462,103.283,56.122,14838.6,0.093,12303.5,1.20447,162.044,0.66489,0.25909,0.07252
11-03-01 AM,2019_6_13,11-51-15 AM,4977130,0.33358,266.979,106.642,60.03,18642.4,0.117,16154.9,1.15435,164.418,0.64676,0.18977,0.06028
11-03-01 AM,2019_6_14,11-51-19 AM,6520130,0.32729,297.485,105.455,63.477,21917.5,0.137,19583.2,1.11762,149.162,0.6425,0.19033,0.06177
11-03-01 AM,2019_6_15,11-51-23 AM,7016890,0.32464,322.786,104.099,47.455,21738.5,0.136,16012.4,1.35728,159.814,0.62675,0.21022,0.0699
11-03-01 AM,2019_6_16,11-51-27 AM,8459890,0.32454,340.6,103.29,49.514,24838.2,0.155,18857.7,1.31478,174.931,0.61938,0.21647,0.07579
11-03-01 AM,2019_6_17,11-51-30 AM,9350030,0.3254,361.614,104.364,50.826,25856.3,0.162,20032.6,1.28991,191.117,0.62804,0.20676,0.06934
11-03-01 AM,2019_6_18,11-51-34 AM,11226200,0.34284,378.046,103.585,53.181,29695.3,0.186,23778.6,1.24916,173.392,0.63208,0.21833,0.07332
11-03-01 AM,2019_6_19,11-59-28 AM,14989700,0.35266,448.991,102.915,52.045,33385.3,0.209,26261.8,1.26823,271.708,0.62934,0.23681,0.07995
11-03-01 AM,2019_6_20,11-59-32 AM,17439000,0.36275,459.639,103.249,54.638,37940.7,0.237,30063.3,1.22621,242.147,0.64506,0.2359,0.0734
11-03-01 AM,2019_6_21,11-59-36 AM,21853800,0.35877,486.954,104.282,58.808,44878.6,0.28,37832.2,1.16898,316.654,0.64527,0.22173,0.06936
11-03-01 AM,2019_6_22,11-59-40 AM,26368300,0.35991,560.56,105.225,59.656,47039.3,0.294,39930.2,1.15872,281.266,0.64939,0.20322,0.06441
11-03-01 AM,2019_6_23,11-59-43 AM,35533800,0.37518,594.197,104.173,61.041,59801.4,0.374,51808.2,1.14289,262.256,0.65402,0.21753,0.06835
11-03-01 AM,2019_6_24,10-58-11 AM,33941200,0.39972,597.026,104.086,58.801,56850.4,0.355,48421.2,1.16907,242.294,0.66795,0.23442,0.06945
11-03-01 AM,2019_6_25,10-57-30 AM,30460600,0.38721,584.312,104.401,56.976,52130.7,0.326,42981.6,1.19267,279.275,0.66388,0.23174,0.06883
11-03-01 AM,2019_6_26,10-57-34 AM,35072500,0.35799,588.432,105.061,60.522,59603.3,0.373,51652.2,1.14869,242.862,0.65832,0.19111,0.0603
11-03-01 AM,2019_6_27,10-57-38 AM,33231600,0.36087,561.253,105.38,62.789,59209.7,0.37,52025,1.12444,258.276,0.6637,0.18792,0.05908
11-03-01 AM,2019_6_28,12-35-21 PM,21689500,0.37399,415.123,103.545,44.696,52248.4,0.327,36552.7,1.42174,179.805,0.66276,0.24301,0.07078
11-03-01 AM,2019_6_29,12-35-25 PM,28702400,0.37882,442.705,104.057,61.383,64834.2,0.405,56759.6,1.13915,73.897,0.66664,0.22194,0.06707
11-03-01 AM,2019_6_30,12-35-29 PM,22352400,0.35169,443.659,104.21,50.478,50381.8,0.315,38476.9,1.29636,141.398,0.64631,0.21503,0.06834
11-03-01 AM,2019_7_1,12-35-32 PM,21319500,0.3917,463.851,102.922,58.484,45962,0.287,38966.3,1.17302,69.169,0.67312,0.24983,0.07296
11-03-01 AM,2019_7_2,12-35-36 PM,19056600,0.38454,442.455,101.658,49.537,43070.1,0.269,32243.1,1.31433,160.151,0.66414,0.27857,0.07806
11-03-01 AM,2019_7_3,12-03-24 PM,22513700,0.38035,473.623,100.788,57.522,47535.2,0.297,39078.5,1.18539,100.095,0.64916,0.27875,0.08354
11-04-01 AM,2019_6_8,11-50-56 AM,620783,0.34981,104.194,105.585,60.238,5957.96,0.037,5169.92,1.15194,20.53,0.63197,0.2077,0.07023
11-04-01 AM,2019_6_9,11-51-00 AM,851939,0.33643,122.042,106.263,48.367,6980.72,0.044,5216.08,1.33791,23.359,0.63332,0.19878,0.06578
11-04-01 AM,2019_6_10,11-51-03 AM,1180780,0.37787,129.744,103.594,63.19,9100.84,0.057,8131.44,1.12044,29.964,0.65671,0.25025,0.07489
11-04-01 AM,2019_6_11,11-51-07 AM,1451200,0.35157,145.307,104.458,62.1,9987.13,0.062,8817.68,1.13152,37.496,0.65668,0.22465,0.06733
11-04-01 AM,2019_6_12,11-51-11 AM,1702680,0.35567,157.922,103.267,61.191,10781.8,0.067,9451.66,1.14124,44.626,0.66646,0.24708,0.07037
11-04-01 AM,2019_6_13,11-51-15 AM,1924100,0.32044,170.416,106.462,60.502,11290.6,0.071,9827.22,1.14892,56.506,0.64345,0.18534,0.06134
11-04-01 AM,2019_6_14,11-51-19 AM,2214930,0.32042,188.473,105.485,61.113,11752,0.073,10289.8,1.1421,80.819,0.63818,0.19285,0.0679
11-04-01 AM,2019_6_15,11-51-23 AM,1679900,0.30725,206.153,106.602,41.73,8148.82,0.051,5422.08,1.50231,104.012,0.61983,0.18462,0.06367
11-04-01 AM,2019_6_16,11-51-27 AM,2128760,0.32111,221.409,104.674,42.926,9614.62,0.06,6545.73,1.46829,87.119,0.61978,0.21578,0.0726
11-04-01 AM,2019_6_17,11-51-30 AM,2426200,0.30659,215.416,105.994,44.746,11262.8,0.07,7916.46,1.4205,133.157,0.61338,0.19336,0.0708
11-04-01 AM,2019_6_18,11-51-34 AM,4760600,0.33199,264.244,104.004,43.11,18015.9,0.113,12273.6,1.46322,121.944,0.62721,0.22755,0.07588
11-04-01 AM,2019_6_19,11-59-28 AM,5675270,0.35041,275.445,102.069,45.381,20604,0.129,14625.1,1.40486,130.495,0.63114,0.26545,0.08752
11-04-01 AM,2019_6_20,11-59-32 AM,7145150,0.34736,291.841,101.952,62.436,24483,0.153,21676.1,1.12803,155.382,0.62903,0.23554,0.08116
11-04-01 AM,2019_6_21,11-59-36 AM,8329600,0.35419,310.638,102.603,55.19,26814.5,0.168,21987.7,1.21793,220.81,0.63813,0.24951,0.07853
11-04-01 AM,2019_6_22,11-59-40 AM,11900700,0.35481,352.735,103.438,60.144,33738.4,0.211,29271.3,1.15302,228.687,0.63476,0.23078,0.07694
11-04-01 AM,2019_6_23,11-59-43 AM,14792900,0.3611,374.618,103.507,63.543,39487.9,0.247,35276.2,1.11697,192.024,0.63576,0.2229,0.0752
11-04-01 AM,2019_6_24,10-58-11 AM,15199500,0.38955,412.044,103.354,58.924,36888,0.231,31535.7,1.16755,228.247,0.64278,0.26047,0.08216
11-04-01 AM,2019_6_25,10-57-30 AM,20866600,0.37666,446.334,104.998,59.146,46751.1,0.292,40101.9,1.16485,239.262,0.63957,0.22442,0.07253
11-04-01 AM,2019_6_26,10-57-34 AM,22114200,0.38366,539.614,104.493,58,40981.6,0.256,34595.5,1.17916,289.102,0.63462,0.23211,0.07776
11-04-01 AM,2019_6_27,10-57-38 AM,43164800,0.37251,556.599,104.2,61.735,77551,0.485,67486.2,1.13536,211.569,0.63685,0.21263,0.07199
11-04-01 AM,2019_6_28,12-35-21 PM,39385600,0.38011,551.628,104.16,55.63,71398.9,0.446,58702.9,1.21151,190.597,0.64639,0.22432,0.07174
11-04-01 AM,2019_6_29,12-35-25 PM,47889100,0.37259,601.275,104.901,61.132,79645.9,0.498,69034.5,1.14189,227.297,0.65762,0.20617,0.06282
11-04-01 AM,2019_6_30,12-35-29 PM,38639500,0.36212,604.463,106.135,57.882,63923.6,0.4,53192,1.18069,322.502,0.65752,0.19556,0.05825
11-04-01 AM,2019_7_1,12-35-32 PM,22375800,0.36475,607.098,104.698,63.692,36856.9,0.23,32418.1,1.11554,334.772,0.65501,0.20711,0.06447
11-04-01 AM,2019_7_2,12-35-36 PM,48242800,0.3856,590.521,102.85,61.078,81695.2,0.511,68445,1.14249,300.332,0.66355,0.24452,0.07358
11-04-01 AM,2019_7_3,12-03-24 PM,42637800,0.38493,604.755,102.347,62.655,70504.2,0.441,61725.8,1.12579,192.129,0.643,0.24429,0.08248
11-05-01 AM,2019_6_8,11-50-56 AM,1491600,0.34632,146.734,106.011,63.553,10165.3,0.064,9090.97,1.11688,42.832,0.63694,0.19828,0.06645
11-05-01 AM,2019_6_9,11-51-00 AM,1896130,0.33088,167.711,108.21,58.268,11305.9,0.071,9614.88,1.17574,88.977,0.64192,0.17434,0.05627
11-05-01 AM,2019_6_10,11-51-03 AM,2279590,0.39207,185.413,102.268,60.932,12294.7,0.077,10737.1,1.1441,76.381,0.67199,0.29357,0.07941
11-05-01 AM,2019_6_11,11-51-07 AM,2534780,0.37242,199.482,102.267,59.053,12706.8,0.079,10870.8,1.16597,81.44,0.66923,0.27746,0.0767
11-05-01 AM,2019_6_12,11-51-11 AM,3053400,0.38748,207.004,102.778,58.879,14750.5,0.092,12626.3,1.16811,77.592,0.68387,0.29276,0.07495
11-05-01 AM,2019_6_13,11-51-15 AM,3792710,0.33119,223.743,106.758,58.773,16951.2,0.106,14489.2,1.16941,88.41,0.65103,0.18789,0.05903
11-05-01 AM,2019_6_14,11-51-19 AM,4246690,0.3342,238.651,105.686,61.377,17794.6,0.111,15624.2,1.13922,82.492,0.64702,0.19814,0.06267
11-05-01 AM,2019_6_15,11-51-23 AM,4876850,0.32391,268.308,105.544,42.959,18176.3,0.114,12395.5,1.46738,123.69,0.63862,0.20491,0.06326
11-05-01 AM,2019_6_16,11-51-27 AM,5227330,0.32896,291.508,105.527,43.44,17932.1,0.112,12323.4,1.45432,141.48,0.64562,0.2046,0.06294
11-05-01 AM,2019_6_17,11-51-30 AM,5405240,0.32926,300.572,104.304,47.494,17983.2,0.112,13212.5,1.35644,140.265,0.64193,0.21458,0.06981
11-05-01 AM,2019_6_18,11-51-34 AM,7504160,0.34289,316.896,104.316,50.58,23680.2,0.148,18214.4,1.29445,121.808,0.64584,0.22221,0.0696
11-05-01 AM,2019_6_19,11-59-28 AM,9363590,0.34442,355.005,104.759,48.061,26375.9,0.165,19601.3,1.34433,181.213,0.64767,0.22653,0.07056
11-05-01 AM,2019_6_20,11-59-32 AM,11567300,0.35091,360.21,104.14,56.182,32112.7,0.201,26573.1,1.20364,187.688,0.64658,0.22,0.07016
11-05-01 AM,2019_6_21,11-59-36 AM,14485600,0.35183,444.382,104.213,59.188,32597.1,0.204,27780.7,1.16434,265.848,0.63153,0.21647,0.07505
11-05-01 AM,2019_6_22,11-59-40 AM,17918900,0.3599,466.74,103.788,60.028,38391.5,0.24,32552.5,1.15436,234.378,0.63213,0.22051,0.07628
11-05-01 AM,2019_6_23,11-59-43 AM,19764900,0.38377,514.233,103.549,59.933,38435.7,0.24,32591.5,1.15548,95.15,0.62875,0.22778,0.08029
11-05-01 AM,2019_6_24,10-58-11 AM,28128800,0.37789,506.169,102.562,58.461,55571.9,0.347,44806.3,1.1733,295.06,0.64371,0.24733,0.07974
11-05-01 AM,2019_6_25,10-57-30 AM,34110600,0.36566,572.759,105.776,60.213,59555,0.372,50936.9,1.15222,333.082,0.64367,0.1944,0.06395
11-05-01 AM,2019_6_26,10-57-34 AM,33824700,0.36967,580.604,106.257,62.154,58257.8,0.364,50727.6,1.13095,174.134,0.64872,0.18442,0.06068
11-05-01 AM,2019_6_27,10-57-38 AM,34806100,0.36918,591.806,104.472,61.247,58813.4,0.368,51304.7,1.14063,190.002,0.65252,0.2017,0.06551
11-05-01 AM,2019_6_28,12-35-21 PM,28979400,0.38388,590.186,104.715,49.88,49102.1,0.307,37330.4,1.30768,312.904,0.67109,0.22561,0.0649
11-05-01 AM,2019_6_29,12-35-25 PM,34754900,0.36899,612.974,104.863,59.453,56698.9,0.354,48292.5,1.16114,165.683,0.66768,0.19783,0.05908
11-05-01 AM,2019_6_30,12-35-29 PM,23539900,0.38165,585.961,104.975,46.425,40173.1,0.251,28807.7,1.38029,187.849,0.67526,0.22751,0.06284
11-05-01 AM,2019_7_1,12-35-32 PM,28403500,0.3948,612.229,103.759,56.822,46393.7,0.29,38723.8,1.19477,152.917,0.68262,0.2349,0.06627
11-05-01 AM,2019_7_2,12-35-36 PM,38381200,0.40565,611.412,103.976,54.661,62774.6,0.392,49896,1.22586,210.313,0.6937,0.24597,0.06512
11-05-01 AM,2019_7_3,12-03-24 PM,41152100,0.38162,613.575,104.498,60.054,67069.5,0.419,57787.5,1.15406,164.706,0.67884,0.20798,0.06253
11-07-01 AM,2019_6_8,11-50-56 AM,347949,0.34459,62.194,107.213,61.404,5594.56,0.035,4899.85,1.13892,19.236,0.63136,0.19339,0.0655
11-07-01 AM,2019_6_9,11-51-00 AM,498466,0.32125,81.01,109.374,55.729,6153.12,0.038,5075.68,1.21008,17.036,0.6398,0.15885,0.0516
11-07-01 AM,2019_6_10,11-51-03 AM,742229,0.37799,86.509,104.116,59.746,8579.77,0.054,7405.1,1.15767,28.23,0.65967,0.25904,0.07383
11-07-01 AM,2019_6_11,11-51-07 AM,1062080,0.36104,99.156,104.648,60.308,10711.3,0.067,9312.13,1.15114,41.899,0.65564,0.23841,0.06958
11-07-01 AM,2019_6_12,11-51-11 AM,1349320,0.35995,119.175,105.04,63.591,11322.2,0.071,10139.8,1.11651,63.223,0.65801,0.22935,0.0661
11-07-01 AM,2019_6_13,11-51-15 AM,1664940,0.33203,137.129,107.449,67.096,12141.4,0.076,11177.6,1.08559,43.193,0.64217,0.18164,0.05832
11-07-01 AM,2019_6_14,11-51-19 AM,2223170,0.32502,156.401,106.839,65.435,14214.6,0.089,12818.4,1.09951,52.652,0.63779,0.1835,0.05897
11-07-01 AM,2019_6_15,11-51-23 AM,1340060,0.30895,151.608,109.31,43.424,8838.99,0.055,6032.34,1.45473,52.299,0.63129,0.16565,0.05008
11-07-01 AM,2019_6_16,11-51-27 AM,1764000,0.30745,170.194,109.169,36.896,10364.6,0.065,6193.78,1.66558,58.373,0.62589,0.16991,0.05185
11-07-01 AM,2019_6_17,11-51-30 AM,2387070,0.30873,174.185,108.198,40.995,13704.3,0.086,8994.28,1.52436,71.783,0.62767,0.18314,0.05835
11-07-01 AM,2019_6_18,11-51-34 AM,3178270,0.32398,198.773,106.263,43.434,15989.5,0.1,10976.8,1.45447,77.001,0.6341,0.20537,0.06398
11-07-01 AM,2019_6_19,11-59-28 AM,3256730,0.34439,229.472,104.056,45.652,14192.3,0.089,10140.6,1.39835,144.527,0.63978,0.23498,0.07258
11-07-01 AM,2019_6_20,11-59-32 AM,4857470,0.34006,228.426,105.19,61.478,21264.9,0.133,18508.8,1.13812,161.187,0.65007,0.20879,0.06323
11-07-01 AM,2019_6_21,11-59-36 AM,6314580,0.3386,264.076,105.256,57.41,23912,0.149,19953.6,1.18686,157.96,0.64301,0.21088,0.06606
11-07-01 AM,2019_6_22,11-59-40 AM,7778680,0.33171,283.39,105.843,63.718,27448.7,0.172,24505.6,1.11529,157.193,0.63967,0.19306,0.06253
11-07-01 AM,2019_6_23,11-59-43 AM,10450500,0.34557,309.08,104.365,64.337,33811.5,0.211,30397.6,1.10943,166.753,0.63852,0.2078,0.06834
11-07-01 AM,2019_6_24,10-58-11 AM,12854300,0.38676,368.281,103.345,61.762,34903.4,0.218,30712.5,1.13508,120.209,0.64829,0.24676,0.07756
11-07-01 AM,2019_6_25,10-57-30 AM,16072800,0.36564,402.558,104.966,57.902,39926.7,0.25,33675.3,1.18043,140.423,0.64169,0.21373,0.06927
11-07-01 AM,2019_6_26,10-57-34 AM,23699100,0.37464,437.391,104.592,61.302,54182.9,0.339,47343.8,1.14003,149.33,0.63246,0.21719,0.07416
11-07-01 AM,2019_6_27,10-57-38 AM,30868900,0.37538,448.676,104.681,60.041,68800.1,0.43,59120.8,1.15421,151.185,0.64416,0.21626,0.07102
11-07-01 AM,2019_6_28,12-35-21 PM,43712600,0.38057,530.806,104.839,55.866,82351.4,0.515,67805.5,1.20811,279.368,0.66145,0.22709,0.06738
11-07-01 AM,2019_6_29,12-35-25 PM,49779900,0.37366,557.52,105.567,62.798,89288.1,0.558,78833.5,1.12434,212.815,0.65329,0.2008,0.06398
11-07-01 AM,2019_6_30,12-35-29 PM,46578000,0.37741,543.265,104.812,55.843,85737.2,0.536,70349,1.20844,239.708,0.65815,0.22041,0.06677
11-07-01 AM,2019_7_1,12-35-32 PM,50600700,0.38037,523.083,103.704,62.604,96735.5,0.605,84947.5,1.12631,229.104,0.65769,0.22481,0.0706
11-07-01 AM,2019_7_2,12-35-36 PM,44022100,0.40487,510.184,102.433,57.261,86286.7,0.539,71653.3,1.18885,235.806,0.66779,0.26973,0.07811
11-07-01 AM,2019_7_3,12-03-24 PM,45882200,0.38692,498.858,101.951,60.945,91974.4,0.575,79556.6,1.14396,211.069,0.64902,0.25483,0.08228
11-08-01 AM,2019_6_8,11-50-56 AM,498785,0.34547,87.205,105.448,63.618,5719.68,0.036,5122,1.11625,8.692,0.62892,0.21466,0.0706
11-08-01 AM,2019_6_9,11-51-00 AM,762112,0.33771,109.701,107.081,53.639,6947.2,0.043,5590.3,1.24176,21.62,0.63989,0.19126,0.05879
11-08-01 AM,2019_6_10,11-51-03 AM,690489,0.38548,109.204,101.979,66.155,6322.94,0.04,5766.66,1.09332,51.853,0.64434,0.27635,0.08556
11-08-01 AM,2019_6_11,11-51-07 AM,1052850,0.35799,123.598,104.659,60.776,8518.34,0.053,7426.71,1.14584,108.064,0.66295,0.23206,0.06436
11-08-01 AM,2019_6_12,11-51-11 AM,1274380,0.3503,129.267,103.457,61.439,9858.48,0.062,8627.77,1.13854,110.004,0.66215,0.24491,0.06956
11-08-01 AM,2019_6_13,11-51-15 AM,1488860,0.3204,139.753,107.926,61.5,10653.5,0.067,9341.65,1.13788,99.624,0.64618,0.18294,0.05742
11-08-01 AM,2019_6_14,11-51-19 AM,1873030,0.32675,157.822,105.797,60.925,11868,0.074,10348,1.14417,90.784,0.64008,0.20626,0.06814
11-08-01 AM,2019_6_15,11-51-23 AM,1717490,0.31003,170.952,106.676,42.531,10046.7,0.063,6778.61,1.47927,107.466,0.6293,0.19272,0.06439
11-08-01 AM,2019_6_16,11-51-27 AM,2029150,0.31648,177.352,104.731,44.472,11441.4,0.072,7970.57,1.4274,97.501,0.62199,0.21121,0.07596
11-08-01 AM,2019_6_17,11-51-30 AM,2787150,0.30801,196.094,105.111,45.334,14213.3,0.089,10068.8,1.406,105.876,0.60971,0.2073,0.07802
11-08-01 AM,2019_6_18,11-51-34 AM,3304100,0.34759,217.242,103.442,46.524,15209.3,0.095,10933.9,1.37801,93.275,0.63014,0.24772,0.08114
11-08-01 AM,2019_6_19,11-59-28 AM,4322970,0.35,216.306,102.08,51.667,19985.4,0.125,15440.1,1.27481,101.829,0.62539,0.26035,0.08481
11-08-01 AM,2019_6_20,11-59-32 AM,5495550,0.34828,253.575,103.784,62.449,21672.3,0.135,18956.7,1.1279,115.539,0.63681,0.22377,0.07313
11-08-01 AM,2019_6_21,11-59-36 AM,7032540,0.35428,282.516,103.125,58.318,24892.6,0.156,20944.7,1.17511,120.974,0.62995,0.24153,0.07992
11-08-01 AM,2019_6_22,11-59-40 AM,8674820,0.34565,297.78,104.38,61.112,29131.6,0.182,25493.6,1.14211,135.769,0.62425,0.21504,0.07315
11-08-01 AM,2019_6_23,11-59-43 AM,13419100,0.35688,361.487,104.226,62.572,37122,0.232,32632,1.12664,159.414,0.63625,0.21569,0.07097
11-08-01 AM,2019_6_24,10-58-11 AM,15217100,0.37839,374.469,104.518,61.857,40636.5,0.254,35617.9,1.13407,119.033,0.65004,0.22693,0.07048
11-08-01 AM,2019_6_25,10-57-30 AM,19409100,0.36591,411.343,105.192,58.386,47184.6,0.295,39883.2,1.17425,133.496,0.64234,0.21405,0.06746
11-08-01 AM,2019_6_26,10-57-34 AM,26421000,0.36923,488.346,104.314,61.167,54103,0.338,47136.6,1.1415,202.494,0.63143,0.22202,0.07546
11-08-01 AM,2019_6_27,10-57-38 AM,31057100,0.37179,539.678,104.969,60.443,57547.5,0.36,49593,1.14959,247.286,0.63804,0.21082,0.07012
11-08-01 AM,2019_6_28,12-35-21 PM,37654800,0.37832,598.079,104.831,58.436,62959.6,0.393,53212.9,1.17361,313.6,0.65338,0.2192,0.06763
11-08-01 AM,2019_6_29,12-35-25 PM,39424400,0.38255,619.959,105.808,61.62,63591.9,0.397,55461.2,1.13659,256.885,0.65985,0.19872,0.06243
11-08-01 AM,2019_6_30,12-35-29 PM,34245400,0.36615,611.9,105.995,58.309,55965.6,0.35,47078.4,1.17522,303.628,0.64628,0.18886,0.06137
11-08-01 AM,2019_7_1,12-35-32 PM,36760900,0.3422,619.009,102.72,63.88,59386.6,0.371,52118.8,1.11374,327.842,0.64406,0.21091,0.06898
11-08-01 AM,2019_7_2,12-35-36 PM,35779100,0.36924,469.838,101.566,61.801,76152.1,0.476,64944.2,1.13467,207.873,0.65144,0.25539,0.0788
11-08-01 AM,2019_7_3,12-03-24 PM,43661800,0.37068,485.091,101.82,63.882,90007.5,0.563,77501,1.11372,180.749,0.64003,0.24439,0.08031
11-09-01 AM,2019_6_8,11-50-56 AM,802323,0.34439,140.839,104.744,61.558,5696.75,0.036,4999.93,1.13726,10.408,0.62108,0.2111,0.07586
11-09-01 AM,2019_6_9,11-51-00 AM,960919,0.3352,154.152,105.077,55.369,6233.58,0.039,5114.48,1.21531,26.813,0.62305,0.20513,0.07457
11-09-01 AM,2019_6_10,11-51-03 AM,1332610,0.36755,159.885,102.126,62.178,8334.81,0.052,7378.88,1.1307,26.753,0.64615,0.25906,0.08005
11-09-01 AM,2019_6_11,11-51-07 AM,1735240,0.3569,178.663,101.72,61.54,9712.35,0.061,8527.13,1.13745,24.751,0.64603,0.2573,0.08087
11-09-01 AM,2019_6_12,11-51-11 AM,2098290,0.35901,190.706,103.474,61.116,11002.7,0.069,9636.9,1.14207,42.856,0.66163,0.25355,0.07114
11-09-01 AM,2019_6_13,11-51-15 AM,2494160,0.31724,208.178,106.097,60.045,11980.9,0.075,10374.3,1.15417,48.69,0.63454,0.18589,0.06359
11-09-01 AM,2019_6_14,11-51-19 AM,3114000,0.31114,228.882,106.135,62.122,13605.3,0.085,12019.3,1.13128,71.257,0.62976,0.18008,0.06233
11-09-01 AM,2019_6_15,11-51-23 AM,2620020,0.30693,243.138,106.564,43.755,10775.9,0.067,7454.6,1.44595,115.284,0.6206,0.18834,0.06761
11-09-01 AM,2019_6_16,11-51-27 AM,3069840,0.32154,251.444,105.141,44.246,12208.9,0.076,8513.14,1.43315,117.507,0.62367,0.20793,0.0709
11-09-01 AM,2019_6_17,11-51-30 AM,3607220,0.31694,262.633,105.274,41.021,13734.8,0.086,8996.58,1.52358,133.764,0.62664,0.21205,0.07455
11-09-01 AM,2019_6_18,11-51-34 AM,4844310,0.32829,273.677,105.366,45.941,17700.8,0.111,12704.6,1.39152,138.165,0.63378,0.20706,0.06882
11-09-01 AM,2019_6_19,11-59-28 AM,5284760,0.34321,273.098,103.427,46.458,19351.2,0.121,14017.2,1.37952,154.732,0.63625,0.23389,0.07376
11-09-01 AM,2019_6_20,11-59-32 AM,8925000,0.3469,318.182,103.322,59.435,28049.9,0.175,23907,1.16136,191.691,0.64244,0.22376,0.07151
11-09-01 AM,2019_6_21,11-59-36 AM,8653190,0.337,339.276,104.357,57.213,25504.9,0.159,21341.9,1.18949,220.116,0.63527,0.2128,0.07078
11-09-01 AM,2019_6_22,11-59-40 AM,11762900,0.33853,385.285,104.065,63.122,30530.3,0.191,26914.7,1.1211,241.015,0.6203,0.20323,0.07421
11-09-01 AM,2019_6_23,11-59-43 AM,16147100,0.35575,411.928,104.094,64.159,39198.7,0.245,34850.4,1.1111,219.291,0.63137,0.21182,0.07247
11-09-01 AM,2019_6_24,10-58-11 AM,18175000,0.38064,430.726,103.128,61.324,42196.2,0.264,36781,1.13979,145.128,0.64329,0.24132,0.07731
11-09-01 AM,2019_6_25,10-57-30 AM,27222900,0.35862,460.138,105.655,62.386,59162.6,0.37,51675.4,1.12854,224.43,0.64251,0.19834,0.06469
11-09-01 AM,2019_6_26,10-57-34 AM,33235000,0.35827,511.991,104.214,60.895,64913.2,0.406,55238.6,1.14451,265.639,0.62761,0.21458,0.07358
11-09-01 AM,2019_6_27,10-57-38 AM,40538100,0.37655,588.005,103.662,58.903,68941.8,0.431,57008.6,1.16781,330.326,0.6384,0.23047,0.07612
11-09-01 AM,2019_6_28,12-35-21 PM,41325400,0.37108,592.059,103.791,57.204,69799.4,0.436,56898.9,1.1896,339.073,0.64745,0.22504,0.07136
11-09-01 AM,2019_6_29,12-35-25 PM,36592000,0.3534,626.983,105.536,59.973,58362.1,0.365,49181.2,1.155,377.297,0.64562,0.19572,0.06024
11-09-01 AM,2019_6_30,12-35-29 PM,27930200,0.35185,516.266,105.053,57.688,54100.4,0.338,44084.5,1.18321,246.196,0.64919,0.21187,0.06362
11-09-01 AM,2019_7_1,12-35-32 PM,20018400,0.3342,513.602,102.98,65.258,38976.5,0.244,34827.4,1.10107,169.081,0.63914,0.20365,0.06686
11-09-01 AM,2019_7_2,12-35-36 PM,14332000,0.35233,496.386,103.046,60.179,28872.7,0.18,24416.3,1.15262,210.903,0.65428,0.23798,0.06815
11-09-01 AM,2019_7_3,12-03-24 PM,16169800,0.35394,496.57,104.341,62.021,32563,0.204,27504.2,1.13234,217.314,0.63203,0.22576,0.07314
11-10-01 AM,2019_6_8,11-50-56 AM,1325440,0.34766,131.576,107.72,59.92,10073.5,0.063,8722.49,1.15562,27.38,0.64149,0.18054,0.05729
11-10-01 AM,2019_6_9,11-51-00 AM,1669900,0.32905,150.304,109.345,55.267,11110.2,0.069,9147.95,1.21681,36.85,0.64443,0.16402,0.05212
11-10-01 AM,2019_6_10,11-51-03 AM,2081470,0.36335,156.668,104.257,62.962,13285.8,0.083,11739.7,1.1227,30.008,0.66288,0.23452,0.06622
11-10-01 AM,2019_6_11,11-51-07 AM,2564800,0.35961,170.174,103.381,60.43,15071.6,0.094,12955.9,1.14974,43.681,0.66622,0.24854,0.06867
11-10-01 AM,2019_6_12,11-51-11 AM,2899240,0.35775,183.998,103.974,61.42,15756.9,0.098,13738.5,1.13875,45.38,0.66609,0.23993,0.06792
11-10-01 AM,2019_6_13,11-51-15 AM,3672050,0.32377,200.813,107.767,62.554,18285.9,0.114,16217.8,1.12683,60.027,0.64678,0.17235,0.05445
11-10-01 AM,2019_6_14,11-51-19 AM,4268150,0.32121,222.152,106.893,62.364,19212.7,0.12,17027.2,1.12877,72.631,0.63509,0.17826,0.06057
11-10-01 AM,2019_6_15,11-51-23 AM,4236630,0.32736,247.628,105.953,42.889,17108.9,0.107,11596.6,1.46928,98.187,0.63354,0.20371,0.06774
11-10-01 AM,2019_6_16,11-51-27 AM,5846760,0.33229,280.076,104.814,46.436,20875.6,0.13,15128.6,1.38003,139.693,0.63077,0.21727,0.07088
11-10-01 AM,2019_6_17,11-51-30 AM,6358130,0.3248,260.413,105.84,47.507,24415.6,0.153,17996.4,1.35616,132.669,0.63291,0.20212,0.06594
11-10-01 AM,2019_6_18,11-51-34 AM,10202500,0.33849,327.079,104.092,52.076,31192.8,0.195,24575.4,1.26769,197.739,0.62864,0.22164,0.07371
11-10-01 AM,2019_6_19,11-59-28 AM,12202300,0.35472,350.508,103.551,51.969,34813.1,0.218,27382.2,1.26953,236.615,0.63987,0.23719,0.07536
11-10-01 AM,2019_6_20,11-59-32 AM,15048500,0.34838,397.022,104.763,56.561,37903.3,0.237,31497.1,1.19835,272.213,0.63774,0.21329,0.07085
11-10-01 AM,2019_6_21,11-59-36 AM,21811000,0.35314,422.977,104.931,58.847,51565.5,0.322,43429.2,1.1685,284.845,0.63752,0.21337,0.07187
11-10-01 AM,2019_6_22,11-59-40 AM,27238300,0.35761,467.567,106.005,59.354,58255.5,0.364,49388.4,1.16233,324.219,0.64922,0.20334,0.06429
11-10-01 AM,2019_6_23,11-59-43 AM,32136500,0.36963,483.24,105.417,60.69,66502.2,0.416,57119.1,1.1468,319.176,0.65218,0.20827,0.0651
11-10-01 AM,2019_6_24,10-58-11 AM,36862300,0.38062,555.593,104.546,61.241,66347.7,0.415,57295.9,1.1407,261.813,0.6562,0.22237,0.06791
11-10-01 AM,2019_6_25,10-57-30 AM,35589600,0.37287,556.646,106.198,57.563,63935.8,0.4,53421.8,1.18484,233.669,0.65469,0.19944,0.06268
11-10-01 AM,2019_6_26,10-57-34 AM,35656600,0.34184,558.082,106.156,59.968,63891.3,0.399,53709.1,1.15507,359.221,0.65009,0.1804,0.05739
11-10-01 AM,2019_6_27,10-57-38 AM,32880200,0.34807,569.053,105.334,60.986,57780.6,0.361,49508.1,1.1435,204.191,0.6454,0.19003,0.06126
11-10-01 AM,2019_6_28,12-35-21 PM,34903600,0.35222,549.989,105.132,47.827,63462.5,0.397,45923.5,1.34927,290.673,0.64482,0.21404,0.06581
11-10-01 AM,2019_6_29,12-35-25 PM,39779900,0.34221,618.973,106.071,57.727,64267.6,0.402,53679.3,1.1827,273.34,0.64697,0.18713,0.05753
11-10-01 AM,2019_6_30,12-35-29 PM,35292600,0.34122,598.104,104.665,48.761,59007.4,0.369,43240.1,1.32983,263.729,0.63608,0.20596,0.06531
11-10-01 AM,2019_7_1,12-35-32 PM,26776300,0.37284,579.738,104.94,56.977,46186.8,0.289,38311.7,1.19266,202.137,0.66232,0.22057,0.06286
11-10-01 AM,2019_7_2,12-35-36 PM,27466800,0.3777,605.521,101.917,48.659,45360.6,0.284,32731.5,1.33191,237.722,0.64907,0.25473,0.0802
11-10-01 AM,2019_7_3,12-03-24 PM,26908700,0.36509,545.848,102.933,57.804,49297.1,0.308,40489.1,1.18169,169.387,0.64383,0.22249,0.07647
